predictions_ann_denorm,predictions_kan_denorm,y_test
-6529.2383,-6188.717,-3584.0
-8487.89,-7580.424,-8424.0
-144.1355,37.371582,-89.25
-6493.247,-6766.203,-6650.0
-7866.6494,-8933.21,-9060.0
754.91113,723.54126,513.5
187.31909,206.13208,-3752.0
-6074.871,-7125.218,-7224.0
1973.7361,881.74316,961.0
-6677.089,-6524.633,-7308.0
-4725.7627,-6982.4326,-3856.0
-2341.1548,-932.7811,-636.0
1464.4346,528.6653,951.5
2192.7952,1351.1565,1356.0
-4681.6694,-3202.2065,-2500.0
1432.4597,1074.3005,1240.0
-7408.8105,-7663.033,-7020.0
-6877.8027,-6620.249,-7176.0
119.88794,736.5193,161.5
933.5327,74.47363,535.5
-674.02356,-727.64453,-535.0
1111.2366,716.3462,1048.0
481.18433,-33.453857,557.0
-10197.84,-10386.419,-10856.0
-6921.7754,-6693.799,-7292.0
-6835.0596,-8077.5645,-7870.0
-8200.049,-7834.0654,-7920.0
-5938.076,-7455.0957,-7476.0
384.11035,828.8501,936.0
187.15796,802.89624,450.5
-9499.927,-9285.896,-10360.0
375.4751,1259.166,839.5
1281.2942,822.02856,832.5
512.0469,179.82178,106.1
521.49243,810.5825,393.5
-1066.0889,-1238.2208,-321.2
720.72144,534.6389,450.8
-2273.6228,-4184.29,327.5
-2647.022,-2648.5696,-2822.0
-5975.4834,-5896.6094,-6280.0
-7124.05,-7042.302,-6532.0
-2547.1572,-1137.8286,568.0
2213.0735,419.4673,1201.0
529.479,837.49,877.5
944.0884,294.42407,563.0
-877.9961,-472.53845,-146.6
-7672.875,-6054.5723,-7996.0
798.4944,609.4182,879.5
-10197.84,-10386.419,-10680.0
-484.00696,445.16162,1029.0
-6877.7314,-6763.8516,-6900.0
-764.3214,-592.594,-546.0
-326.35034,-344.90063,228.2
678.4575,750.64624,494.2
-5617.8545,-5633.3906,-6052.0
-6219.5757,-5558.4985,-6184.0
-5138.1475,-3971.4736,-5530.0
1479.8545,1327.1538,1230.0
-3388.2695,-4889.5747,-6100.0
-8810.714,-9281.667,-9250.0
82.701416,273.57104,1260.0
-5509.294,-5726.4785,-5360.0
1191.4426,141.17676,1202.0
-8954.972,-7688.247,-8320.0
-6175.637,-7933.159,-7524.0
-5211.7207,-6389.9355,-5050.0
1278.4434,642.45166,636.5
190.71509,984.38354,756.5
265.51538,-166.84692,-374.5
-158.28955,599.0664,583.5
-979.4918,560.10767,117.25
-973.49524,-464.98755,-629.5
-6168.956,-4909.05,453.5
-6863.1914,-6642.247,-6544.0
699.72925,632.4734,586.5
-3679.3462,-3616.6982,-1448.0
-2838.6875,-2206.3723,-1559.0
-907.66296,-426.03638,581.0
-221.68555,834.8247,999.5
1423.2,1078.7078,1424.0
-338.12354,100.1875,-177.0
-3402.1475,-3805.0264,-5910.0
2425.8357,1372.4817,1675.0
106.723145,395.51172,901.5
-255.59924,494.14185,1126.0
-884.3518,-1404.4984,145.4
1661.0105,705.38403,1772.0
-4232.8955,-3557.3398,-1118.0
-7751.923,-7728.289,-8376.0
-6279.792,-7318.576,-8190.0
-7035.3613,-7299.748,-7544.0
-2588.7937,-3298.1326,-5970.0
-708.2909,-361.9187,-678.0
-8533.375,-8655.07,-9340.0
-7847.046,-7828.461,-8390.0
458.01562,260.14307,120.9
-6810.198,-7440.2324,-6290.0
-1061.1213,-295.07227,-675.5
-708.9335,-1269.5887,-1098.0
-7711.176,-7538.1846,-7196.0
-169.08252,795.959,637.0
-8408.28,-8638.483,-9464.0
-3014.8848,-4584.6646,-6376.0
-4325.4624,-3876.0674,-4860.0
1743.197,1187.4465,1282.0
1526.1714,1166.3218,1166.0
-343.53235,-177.9563,-54.0
-622.4437,-768.41296,-168.1
1380.9839,596.0503,380.0
-4392.688,-5514.633,-5084.0
-4388.4746,-6231.056,-5476.0
37.43213,247.52734,695.0
-1564.6709,-426.56067,918.5
-6618.6465,-6122.1074,-5944.0
-4273.382,-5274.5063,-4936.0
362.65527,99.49097,561.0
-81.3999,279.0525,287.2
-3557.9795,-3981.2847,-6020.0
810.6492,65.022705,613.5
147.73267,523.4341,5.598
-587.6084,-876.79016,-14.26
-9156.903,-10766.946,-10950.0
386.41235,266.10767,157.2
-4594.468,-6792.926,-5916.0
1084.262,1080.4492,1141.0
851.83276,657.6477,530.5
-7814.162,-10314.784,-9780.0
849.67676,-207.86182,519.5
-4373.783,-3970.9626,-1520.0
594.40796,118.37964,12.53
-4627.4873,-4874.7734,-6900.0
-852.19556,-218.4873,-689.0
-8337.197,-8747.02,-9050.0
-2957.0999,-2638.7488,-4788.0
1761.4468,1885.6672,1712.0
-9416.478,-9707.347,-9410.0
-5455.0576,-5723.88,-7230.0
1283.572,-423.32336,646.5
1090.7095,1028.615,505.5
529.41626,150.44263,927.5
135.46484,-299.79492,-217.9
-7171.951,-6631.51,-6384.0
-8.770508,323.0459,84.6
736.6438,118.33447,274.5
1445.1538,1583.0671,1348.0
-8938.502,-9105.672,-8460.0
207.42749,325.12378,227.9
1566.6821,1110.252,1267.0
-815.83984,-515.21277,-324.0
-3024.722,-1451.4408,-622.5
-826.77966,-1587.8079,-1765.0
-6677.046,-5502.284,-7010.0
-6813.8174,-6044.536,-8930.0
-6083.9985,-5973.6436,-6356.0
-6246.213,-8042.4746,-7550.0
566.5542,842.67896,589.5
-2273.6228,-4184.29,-7028.0
1012.39087,-48.6084,846.0
-4684.4272,-5450.536,-6108.0
-7584.62,-7818.0723,-7990.0
-2904.8293,-4437.3057,-7984.0
-6566.035,-6642.407,-8690.0
-2603.333,-2220.8577,-723.5
-7066.7227,-6758.918,-7040.0
-1150.4244,-472.97937,-246.8
-130.30615,738.2041,190.1
-6897.7725,-7177.787,-6624.0
-306.41516,140.7644,1446.0
-296.66357,-288.36926,-190.6
475.25928,924.9409,592.5
-316.13818,-508.35193,320.8
591.1863,-509.99988,400.5
-437.53357,-680.0602,-561.5
798.2092,169.26758,159.6
-2704.7405,-2557.4453,242.0
-6299.9185,-7089.5166,-8490.0
-1434.1598,-4598.4014,-1142.0
-2712.273,-3526.2163,-4720.0
-338.69324,85.35303,-61.03
-822.5188,47.076416,-175.4
666.2793,268.6958,728.5
-568.16675,-288.1128,-498.2
-6851.793,-6516.4766,-7612.0
685.9678,792.77246,965.5
453.75244,324.9004,605.5
-7139.658,-7547.1934,-7540.0
1234.1306,1457.0522,1038.0
-1033.5208,-1161.542,-283.0
-4495.976,-4334.3184,-6324.0
786.40454,914.98413,355.8
-6771.4863,-6176.1934,-6716.0
-4512.6553,-4803.831,-5840.0
-824.6847,-66.03735,651.0
454.56982,401.20654,680.5
1986.2317,1746.6704,1192.0
1348.2979,1767.585,1007.5
705.7175,487.6416,491.0
-3376.4033,-2878.1216,308.2
253.80151,1070.6326,-298.2
944.34644,357.3733,597.5
-1654.8259,-868.7988,-813.5
504.18677,-25.029541,-7.277
-677.454,176.18481,-295.8
-7218.836,-7163.157,-7564.0
647.9082,542.5935,582.5
-49.33911,143.95654,225.1
-9511.655,-9461.192,-11080.0
-3947.1533,-3552.5024,-5410.0
-7370.4893,-8081.6357,-8776.0
546.82446,232.1792,305.0
628.615,-99.595215,245.9
-5862.4146,-6146.281,-5690.0
1452.3369,-105.274414,168.5
1733.8022,176.27173,309.0
1156.1277,869.6155,638.0
-1695.3607,-511.1422,232.5
1110.5969,1644.5332,851.5
-4177.842,-4147.0547,-462.2
-5714.9243,-5482.426,-5696.0
-1605.7166,-1491.8052,-724.0
751.2698,665.9756,878.0
-7518.377,-7891.34,-8096.0
-5675.7227,-6691.6797,-5668.0
-3288.239,-3908.1548,-3694.0
-879.31714,-172.50342,-204.4
1446.9858,-38.886963,632.5
-1872.8384,-1942.4626,-1237.0
407.76636,73.54541,-274.5
-6391.539,-6473.2637,-6976.0
175.75854,-289.3246,222.4
847.1279,301.09863,650.5
-7453.1104,-7476.661,-9160.0
-1386.3381,-889.95215,-334.8
1479.2034,884.81836,894.0
-5849.993,-5188.3936,-5040.0
819.35034,-340.64087,298.0
-7979.202,-8209.939,-8570.0
-5356.7246,-5720.341,-5360.0
-3472.8042,-4166.6904,-5320.0
493.27295,1409.0354,494.5
-2448.3916,-2688.4194,-2094.0
-5849.76,-6220.76,-5964.0
-6907.117,-7244.4385,-7252.0
-7496.3096,-7231.959,-7396.0
218.01343,313.97607,65.94
-5998.4736,-7019.968,-7904.0
-50.346436,21.755127,1313.0
603.5571,547.6509,280.5
1297.0447,337.16406,483.2
1139.7751,673.9756,1312.0
604.8894,-227.0896,-727.5
-297.99377,-648.9551,-496.2
813.59766,1068.1968,1003.0
84.624756,-18.548828,-29.4
-6722.427,-6670.161,-7212.0
-258.87292,-299.70386,-24.7
-8744.879,-9630.064,-10960.0
1355.0881,1093.926,1131.0
-9337.907,-9858.559,-9940.0
1603.5295,852.6033,1137.0
-2050.6218,-3700.8782,-7960.0
598.73193,35.80957,187.2
427.5752,674.30493,625.5
1408.5547,76.1167,522.5
1835.7766,826.8367,727.5
956.3479,47.145996,314.8
971.23315,1132.1128,884.0
1249.8337,1012.3689,1320.0
1929.863,883.9551,926.5
933.55884,336.27197,-448.0
-4117.289,-4233.681,-7532.0
-2252.6675,-2445.9421,324.0
-3683.708,-3522.8364,-6650.0
-223.08374,-1173.8973,-443.0
-5992.619,-6003.668,-6148.0
-190.79297,-34.428223,-268.2
-6088.4966,-7370.5625,-7372.0
-9372.266,-7491.992,-3948.0
894.5896,546.0105,140.9
-454.33972,-1217.5701,-657.0
-1273.3113,-879.16284,-527.5
-10388.635,-10698.43,-10270.0
2045.6707,1170.3232,1399.0
1472.8511,2268.4207,1043.0
1442.1165,1652.9353,1391.0
-265.33948,-1331.6855,-869.5
-3974.083,-4420.277,-5800.0
1900.7527,1332.071,1095.0
-5515.319,-6056.5674,-6084.0
397.97192,595.78564,741.5
-5123.302,-3719.9653,-7110.0
71.447754,578.0078,-100.4
-10608.517,-10770.018,-9810.0
-6938.2627,-6921.6533,-6860.0
-6997.6816,-6146.5283,-5776.0
1127.3755,1166.7039,1507.0
1931.5159,1589.938,1334.0
-228.0564,-390.7578,-464.2
-129.89355,-519.9552,-63.34
-4069.4185,-6003.2607,-8824.0
1620.5173,1200.1072,941.0
-7632.6123,-6930.83,-7070.0
250.20581,-469.48926,-126.5
556.8318,487.78003,573.0
-1505.1869,-3899.9019,-4520.0
2028.0696,1465.5403,1169.0
540.3347,21.304443,527.5
-7014.6104,-6916.5186,-7788.0
-5508.916,-5086.4707,-5428.0
594.56885,832.7595,1056.0
15.575195,-61.37549,3.922
354.89062,516.2141,178.1
254.2644,332.40186,98.06
-9074.51,-9206.734,-9576.0
331.0603,975.6926,54.16
-7867.925,-7904.843,-8990.0
382.35474,-129.46875,-36.72
-723.87463,-1127.1118,-959.0
-7100.0703,-7771.618,-7896.0
412.81128,536.9363,138.8
-5482.748,-5143.1953,-6984.0
1189.97,584.22925,686.5
-3231.2273,-3867.7925,-4972.0
1927.2996,1208.6377,1456.0
1010.18384,1586.6853,726.5
-4533.9087,-5557.5815,-5500.0
492.51025,202.19946,263.8
-5222.6855,-6180.4443,-5600.0
-4477.9297,-5192.3877,-5292.0
250.36133,939.33813,661.0
-5962.215,-6789.0938,-6290.0
892.428,807.60547,305.8
-5751.2656,-7249.002,-6410.0
415.0681,656.7871,587.5
-587.02795,-229.48242,-212.8
767.1394,-115.96484,48.0
485.6714,858.4939,728.0
-11160.986,-11087.42,-12024.0
77.0979,-212.00098,95.0
-6359.121,-7297.6553,-7676.0
-6789.3086,-7073.425,-7092.0
-6526.1494,-6529.99,-7870.0
-1810.2556,-1851.0409,-1258.0
896.3384,180.87427,249.2
1146.0044,733.6184,1037.0
-3388.4436,-3204.4995,-1034.0
1204.0125,165.2251,287.8
1261.9592,1065.6377,370.0
-1253.3405,-838.84644,-1015.5
212.59644,-295.91357,-274.2
-1170.8138,73.634766,400.8
763.23706,672.1575,287.5
70.09302,-823.3375,1085.0
1636.1858,233.28833,1283.0
-3998.5864,-5254.806,-4470.0
1020.6782,-241.20251,360.2
-6869.42,-8873.926,-8290.0
940.3777,1067.9067,955.5
-1036.0164,-1280.3436,-858.5
-6244.7563,-6914.7812,-7532.0
1614.6401,895.1531,333.5
913.00586,5.246338,481.5
596.12354,-263.00623,-258.5
-5700.4043,-5541.2715,-5324.0
771.45386,900.10767,501.8
-4608.3096,-4378.422,-6590.0
-6906.74,-8489.543,-8380.0
-984.12427,-25.90039,-113.7
327.8994,282.5708,340.8
1116.8469,606.02075,802.5
793.4968,846.91797,445.2
1006.6089,68.49097,497.0
446.1853,614.5188,293.0
1087.3767,1700.0107,563.0
249.7019,124.90698,212.2
1027.1462,321.95435,218.6
1069.1611,446.07178,936.5
1.932373,332.83496,676.0
551.1731,455.94214,671.5
-6082.866,-6440.1523,-7440.0
-5613.426,-5661.4917,-6052.0
-5415.4106,-5248.2163,-6856.0
-6416.9814,-6794.8135,-6980.0
-6602.796,-7102.493,-8250.0
833.6138,469.45752,974.5
-1002.47656,-381.52136,-1506.0
-2294.3286,-4497.965,905.5
-5657.287,-6238.8027,-5944.0
-113.03296,-386.0067,-1499.0
195.2417,289.9165,400.0
-6855.789,-7002.672,-6404.0
1251.3853,1259.0808,644.0
-5539.05,-6095.494,-5960.0
-190.79297,-34.428223,-236.6
990.1931,387.1079,456.0
-10027.269,-10636.328,-10570.0
67.11401,-351.6897,-24.55
616.228,-323.7444,146.5
62.67212,-222.43262,-260.0
682.36206,-219.89478,-622.5
920.59155,1098.6599,533.0
-8018.4775,-5617.9043,-3664.0
844.5725,587.72314,952.0
-694.3616,-96.91455,519.0
-613.3096,-1067.7168,-1092.0
-7133.26,-9432.13,-9620.0
938.6958,803.2949,879.0
1500.3472,1077.8772,818.0
-7977.6436,-7599.3496,-8456.0
-4623.0967,-4202.1714,-4652.0
504.84155,1.546875,900.0
65.83301,443.64917,-7.797
-2789.8691,-2525.1445,-5496.0
944.9834,1673.1604,1050.0
-453.48523,-800.3556,-893.0
-551.1085,-799.59937,522.0
-293.99048,-438.9502,-352.2
-6338.3955,-6640.5127,-6660.0
-8529.111,-8282.743,-8936.0
-470.97412,-786.76794,5.02
285.6311,904.75,459.5
-524.4092,-1131.1263,-933.0
-2476.9377,-2751.2378,-7404.0
1144.6165,1608.3699,918.0
1433.7932,668.2815,1422.0
-6053.095,-7285.552,-6850.0
311.12427,368.51587,183.0
-6674.6963,-6924.0635,-9064.0
555.02856,1491.9673,675.0
-2429.8564,-3220.0095,350.8
-1112.6047,75.97388,-549.0
-4706.733,-5456.702,-5950.0
-3402.1475,-3805.0264,-5124.0
1921.3245,1336.4731,1612.0
1327.002,366.16016,396.5
1245.7979,1222.5088,-19.1
277.01587,997.53,82.5
106.31421,-412.16125,284.8
-7776.3623,-7720.283,-7820.0
-3366.877,-3796.7266,-5910.0
142.88696,-61.05957,-81.6
936.98267,817.655,571.0
936.1052,636.9663,709.0
-3020.3267,-2619.1777,-3700.0
-1401.4427,-305.33105,-619.5
-90.181885,57.235596,613.5
373.26245,-334.75793,45.25
-40.595947,486.0913,418.0
980.5818,636.50415,238.0
444.9558,335.56396,263.8
-295.62744,-714.4397,-222.1
685.7256,1065.5837,691.5
866.62524,228.92334,797.5
771.84424,103.81372,-593.0
-7250.753,-8787.9795,-9150.0
-6279.2373,-5715.3936,-6940.0
-1294.0603,-545.8711,-575.0
-1489.6927,-1775.8359,-71.2
-3004.008,-2848.998,-5172.0
1366.9658,509.50708,1385.0
650.46313,879.7439,399.5
691.1221,553.53467,791.0
-3843.8245,-5044.461,-4840.0
-3485.1265,-2607.5981,-4510.0
-202.87305,-118.74243,-448.0
-1155.2075,-1550.9929,-1400.0
-7480.79,-7770.3145,-8344.0
-7883.495,-7260.6055,-8630.0
-3893.5347,-3867.6719,-4332.0
-885.9906,-1186.6915,-544.5
1898.4265,904.95215,536.0
-383.52966,-1833.3491,-1508.0
-2632.6233,-4037.5933,-4850.0
81.21509,-503.47693,-135.6
765.8352,306.99536,394.0
-4422.4854,-5097.2275,-4350.0
1345.7273,1255.5208,1689.0
195.73633,834.9966,379.8
-9761.179,-10645.037,-10650.0
603.7854,-258.37207,-273.8
1008.6277,632.18726,1121.0
1781.6809,2046.2991,461.5
-3420.9011,-4076.0767,-5772.0
-4823.5615,-5491.7617,-5024.0
-8002.0576,-8607.766,-8720.0
848.26904,429.23438,553.0
-7651.302,-7971.5996,-8270.0
-8204.509,-8591.148,-9280.0
-8328.815,-8870.166,-9800.0
1088.5481,531.6946,606.0
-397.73865,-279.78235,293.2
-2920.3286,-3780.648,-658.5
-1460.0547,-586.0038,-752.5
756.3096,879.2969,452.0
-8759.87,-7627.927,-8590.0
475.09448,29.04712,-816.0
1056.7942,338.50928,807.0
-7012.177,-7206.041,-7944.0
555.64136,142.79565,616.5
-2241.3425,-2875.784,577.0
371.44214,1401.8027,761.0
-1307.9861,-749.5919,-742.0
1427.3464,1088.2124,1206.0
-341.92432,-63.688965,-519.0
-100.417725,-392.0359,-200.1
-3623.2559,-4369.5723,-1599.0
216.67188,534.4331,161.1
19.556396,424.99707,317.2
-5281.831,-6197.2686,-7076.0
-6102.1426,-6440.8926,-6348.0
-3710.7795,-1851.202,-1656.0
-880.84827,455.81714,-1072.0
-9439.879,-10506.349,-10520.0
-6959.717,-8096.334,-7770.0
-1699.6934,-986.79346,-985.0
1125.335,1389.2358,1657.0
-3127.1426,-3818.416,296.0
-7952.837,-7535.953,-6910.0
-6398.537,-7503.6084,-7600.0
-89.227295,567.8767,-10.51
-5532.331,-6279.0537,-6636.0
-2179.5024,-842.37756,-691.0
562.98755,209.78198,112.75
-4981.5117,-5402.492,-5784.0
-240.12476,-28.160645,-2134.0
1253.0464,611.87354,309.8
-4927.6523,-4551.771,-4656.0
638.59644,-511.7567,-132.5
1095.3616,383.61035,795.0
1733.321,300.98193,598.5
-4663.048,-7936.008,-7584.0
-66.04468,-436.13464,-362.5
-9079.103,-10038.76,-10050.0
-1388.7506,-777.3495,-671.0
2.2854004,-577.775,-5252.0
-53.75415,400.1526,236.6
-4113.516,-4039.0322,-5370.0
923.52075,438.69556,602.5
780.9021,859.1577,610.0
-4915.876,-4824.4995,-4590.0
2289.9358,220.50171,1309.0
1630.5762,1547.0337,1049.0
-3771.715,-4541.3467,-4094.0
-7397.0723,-7433.456,-7784.0
1019.6621,920.8179,879.0
1358.3904,1232.7991,1563.0
657.2534,788.7532,719.5
1013.1333,842.68286,1012.0
1100.4019,693.87524,558.5
-1270.4797,-295.62805,-654.0
-1246.1119,-436.48206,728.0
-3328.0576,-5008.5596,-3730.0
1792.5654,682.9634,673.0
-614.4856,-1345.5359,322.2
713.77295,1298.5222,587.5
-3158.143,-4637.1943,-5256.0
1281.2952,1413.3425,945.0
-79.8916,-165.22461,-946.5
1894.1272,2438.7117,552.5
-8004.914,-6695.829,-7108.0
-1129.9513,-1070.1854,-595.5
-3136.0022,-2896.3184,-1070.0
1053.7844,1123.3486,1062.0
-217.77124,12.685303,70.6
1012.4702,1107.9658,616.5
-3845.3652,-3155.4243,-1576.0
678.12476,1245.1782,759.0
-1756.7045,-915.45264,-809.5
-2055.2195,-3247.7588,-5484.0
1243.823,1527.2266,863.5
545.8733,83.88867,28.03
-9407.859,-10072.312,-9900.0
465.136,173.16846,-299.5
-6503.1885,-7368.8066,-7230.0
-3583.4907,-5153.8994,-5990.0
-3832.3154,-4197.5723,-4190.0
-6469.7217,-7152.4756,-6740.0
-2025.3096,-1118.7955,-62.94
1212.346,1705.6855,1636.0
958.40356,623.7849,691.0
-640.895,-2.9516602,-171.1
-104.16089,-498.81653,-624.0
-5282.7827,-5886.275,-6050.0
-11344.16,-11545.6455,-10904.0
-6558.6904,-5976.0312,-5536.0
-5896.165,-6489.199,-7820.0
-237.76965,1032.0945,215.8
-7954.4414,-8576.487,-8750.0
-5844.9497,-5894.574,-5630.0
-10865.716,-10349.738,-10824.0
2769.1409,1708.3372,1777.0
-2395.2405,-1559.9529,-1676.0
-9733.723,-10185.143,-10040.0
-6729.7783,-6433.3535,-7650.0
1445.3105,1378.471,1100.0
1351.1211,710.2261,599.5
-6692.498,-6640.5586,-6972.0
2382.3875,1159.1646,1107.0
-7412.532,-9063.391,-7852.0
-7361.292,-7908.12,-7150.0
-8688.974,-8524.444,-8780.0
-240.12195,143.76196,562.0
-570.4247,-721.0829,812.5
922.92944,420.42236,436.5
-7219.633,-7416.2764,-7310.0
851.2705,398.9016,644.5
-7069.091,-6829.2686,-7780.0
-1458.6948,-687.26587,-846.5
-7202.4043,-7301.55,-8132.0
-6303.1675,-6457.918,-6548.0
485.37427,65.984375,-388.5
1167.4639,975.60645,1268.0
1457.3794,886.49243,825.0
-972.9761,512.9978,-399.8
-432.55237,-506.0548,-528.5
-5274.747,-6406.246,-5536.0
-7171.1104,-7729.8076,-8052.0
-5819.0273,-5805.236,-5304.0
870.7551,304.86548,756.5
-1981.3237,-840.33545,-1008.5
-55.793213,171.4834,-69.7
-5976.17,-6100.617,-4810.0
-2130.6143,-2717.1733,-968.5
217.82275,68.326416,720.0
279.06494,436.37427,-268.5
1955.762,1438.2056,1352.0
630.2429,-256.7201,-262.8
540.0593,1031.8755,1241.0
-4049.6836,-6178.0977,-5508.0
-1007.67676,-2417.8223,935.0
1534.1514,1774.8296,430.0
-5159.9375,-5716.6133,-6390.0
1752.6677,48.656494,1380.0
93.190674,106.97827,-474.8
-51.003662,1197.052,497.5
-9541.474,-10017.28,-9870.0
542.31274,-540.5073,181.0
2117.486,1577.8943,869.0
1302.7258,551.4658,630.5
-2585.4602,-2338.7295,-3188.0
-8436.228,-9561.03,-9944.0
-4904.4683,-6572.9805,-5950.0
-4821.1025,-4992.0913,-5356.0
-343.11243,-210.98462,224.2
-5866.667,-5782.3105,-6100.0
-4070.38,-4855.797,-4988.0
1153.7253,416.25952,650.5
1377.8127,938.58203,426.2
-363.64258,-120.17554,515.0
-1143.9392,-1334.5458,-1172.0
-7135.1514,-7882.331,-8420.0
1699.6311,605.5845,530.5
1293.8813,97.30029,1022.5
1350.8293,-140.91943,165.0
-8847.437,-8718.674,-9496.0
-411.04565,410.4619,12.71
1382.5022,443.2163,956.5
384.54956,975.66016,807.0
447.07446,553.1196,806.5
560.56836,110.00806,180.0
-4991.5527,-5525.6943,-5372.0
5.161377,424.84082,55.0
-201.4585,-150.82178,-175.8
-438.77563,165.15747,-186.4
-2653.8252,-3484.4326,-5616.0
687.8386,54.0708,297.2
442.4265,447.69824,1003.5
1755.4092,1628.6826,1235.0
1495.7388,1229.8738,1323.0
1223.0264,704.9265,812.5
1474.1353,861.1482,934.0
-5673.9023,-6318.8994,-5828.0
-3289.3835,-2326.819,-914.5
-8205.665,-7759.4453,-8560.0
-6380.165,-6717.7705,-7030.0
325.49365,108.76758,779.5
655.74023,-320.21448,-267.0
-5663.4956,-5310.661,-7936.0
-6670.5273,-6974.5996,-6708.0
-5853.236,-7062.074,-7690.0
1857.26,1107.8364,1247.0
1592.6958,1265.5896,1733.0
818.2063,118.578125,1113.0
-6014.215,-6902.1084,-5844.0
-1123.8795,-1596.3706,-1247.0
417.0537,1025.3345,495.8
-6683.131,-8267.127,-8020.0
995.3457,1003.33984,1108.0
-4996.587,-5035.799,-6956.0
-7695.545,-7959.878,-7940.0
-1758.7905,-2393.3599,-6170.0
-7147.3584,-8259.357,-8740.0
-58.10962,-195.51807,152.4
1359.5327,262.99072,63.62
793.478,165.37744,181.2
1436.5691,364.59082,662.0
232.0686,174.31177,248.8
657.1499,508.83154,400.2
-8675.8125,-8801.27,-8850.0
-1899.9271,-4631.2188,-5370.0
-183.04541,-195.05664,-590.5
-3971.1064,-5413.086,-8456.0
-4891.5234,-4789.572,-6816.0
664.8982,-442.5891,-16.95
-379.57996,-54.850098,-457.2
-7831.7266,-8952.006,-9016.0
-6493.3867,-6642.7676,-6828.0
-1274.5933,-1371.6367,-879.5
-5653.2686,-5799.7593,-5944.0
720.7771,140.67456,618.0
1689.935,2272.556,1351.0
-6046.455,-7373.711,-6944.0
1659.8633,2384.1516,813.5
1745.0808,1050.3774,1041.0
-8257.613,-8993.532,-8500.0
-5409.409,-6672.1035,-6596.0
-202.15747,-166.3081,240.9
712.0967,1351.1306,515.5
787.01636,1130.4053,1190.0
-7483.71,-7921.0938,-7704.0
-4336.0205,-5481.82,-4830.0
-8587.421,-8628.07,-8980.0
-1358.5664,-1421.8768,-3278.0
1185.6909,851.7368,708.0
-42.892822,-679.2422,189.0
1183.4658,1560.9353,82.4
-468.5525,-581.1122,109.1
1030.8464,748.8147,347.5
-4734.828,-5320.5527,-6176.0
-5466.834,-7284.7285,-5596.0
1264.6953,497.9724,808.5
-453.3872,-806.44543,-53.94
-690.9133,-682.1655,-263.0
-6304.757,-7194.174,-6660.0
-113.434326,589.02,937.5
-3961.5022,-5091.923,-4420.0
-6830.8037,-8231.702,-7924.0
-2851.872,-2410.298,-1412.0
-566.6692,721.7969,259.5
1076.8591,949.333,734.0
1725.8821,1509.823,1312.0
780.83984,1278.0261,581.0
-8661.175,-7088.176,-5936.0
-2650.9216,-2364.6921,-743.0
40.92798,-464.61877,-1071.0
-5649.0933,-5949.83,-6508.0
-7057.9346,-7265.8926,-7788.0
1390.1885,1117.2688,1130.0
287.54736,-162.09106,246.8
-5366.8315,-5288.251,-5108.0
1715.227,1496.5005,1571.0
-5936.4355,-6558.71,-5760.0
427.70264,557.2761,329.5
-7340.284,-7335.5312,-9540.0
-6873.8438,-6517.0674,-6656.0
-8408.248,-9059.378,-9410.0
-7663.9707,-9120.387,-9784.0
1452.9224,1150.96,1048.0
395.20166,413.7749,108.8
-3353.4775,-3041.2937,906.0
693.71655,624.6111,830.5
523.5786,664.41797,-0.468
1108.9941,728.6172,482.0
-789.812,-884.6201,-808.5
-1183.2991,-2175.3809,-1946.0
1902.2493,1526.415,1362.0
-3922.5571,-3840.4624,-1676.0
658.6157,-95.98364,-286.0
-6626.587,-6169.4697,-6496.0
1931.9016,1021.1709,768.5
147.00928,500.56934,198.8
-4584.2925,-5731.153,-6652.0
-8176.948,-7459.995,-6828.0
839.36743,501.30664,948.5
-6014.872,-7049.51,-6170.0
999.4641,221.65747,330.2
187.24951,439.00977,444.5
-5406.3643,-6585.703,-5924.0
1099.2363,1228.8589,485.8
269.91724,250.61084,-56.12
316.87598,-396.44653,97.25
1539.919,788.1387,1438.0
-7111.299,-7521.789,-6764.0
1760.8999,-799.8573,609.5
998.8052,263.7129,579.5
-478.68445,-445.687,-329.8
-936.85205,-1015.72144,-570.0
176.07031,-291.48718,224.4
-7484.2363,-8578.805,-8780.0
1402.082,935.65845,1118.0
621.78564,483.25854,617.5
970.3518,1528.4971,856.5
-466.76538,-972.62024,-1243.0
-5544.082,-6267.0767,-6170.0
-1457.6807,-2715.6758,-1717.0
-9404.498,-7425.255,-9016.0
-8306.631,-7562.706,-8990.0
-6510.204,-7064.465,-6556.0
-1319.866,-560.3932,-677.0
-7546.5566,-8551.286,-7780.0
-2715.8093,-4624.3564,-5440.0
-2163.0132,-4046.395,-6052.0
1540.4873,843.5322,1127.0
-14064.1045,-14135.263,-14376.0
380.04077,-228.14502,150.8
41.7417,166.5127,238.6
381.38452,-202.406,-94.4
-6570.881,-6802.959,-7612.0
1076.0723,192.1582,430.8
1214.5962,788.77124,993.5
-7144.8223,-6793.8604,-6544.0
740.2612,515.70386,401.8
1154.9683,-15.747314,-26.17
1110.3096,393.42114,273.8
-6625.248,-6438.1416,-7124.0
-1526.1033,-853.83325,-913.5
-8996.852,-9769.112,-10060.0
-1939.4119,-3408.6216,-5876.0
-209.63696,-40.817627,-1044.0
-744.4563,301.70825,720.0
278.76025,-1086.8221,-958.0
-2277.458,-4875.669,-6116.0
2243.4387,1973.8357,1986.0
-10607.177,-10470.23,-11140.0
-7295.0166,-9249.53,-9490.0
1846.7043,1124.2834,1606.0
1811.9983,460.6875,386.8
-89.86304,-778.5454,-617.0
224.94873,-171.09204,-932.0
-293.85803,821.5725,442.0
-8204.665,-8262.552,-10200.0
-2280.8567,-1940.7454,-1714.0
-5258.0615,-6889.837,-5824.0
1179.987,888.6907,1246.0
-6573.8193,-7180.5723,-6510.0
-8526.016,-8120.9688,-8330.0
-6293.238,-7427.8887,-7764.0
1500.1106,790.7988,975.0
-7897.041,-8853.703,-8770.0
-8417.312,-8829.1875,-8264.0
992.522,1584.1011,699.0
-5437.1333,-6206.084,-5900.0
-1347.7288,-1729.3359,-585.0
-2732.5989,-2923.5598,-2626.0
43.365234,191.69238,221.8
1546.1477,957.74194,245.1
-2110.5522,-1823.9695,-1431.0
297.5752,-579.92505,-131.2
-7355.832,-7229.084,-9090.0
1088.082,764.3638,620.5
1498.3057,1339.0022,1228.0
-7034.4424,-7033.7334,-7540.0
666.6992,-295.52197,139.9
-454.94824,-521.13086,-33.75
-75.059326,-478.38892,-423.5
-2880.1506,-3217.475,343.5
-9735.99,-9487.084,-9910.0
-1166.3907,-193.02954,-549.5
-5559.496,-5426.342,-5376.0
-294.07166,-100.354004,-123.5
-5191.177,-6444.626,-5850.0
-556.74304,-623.49475,369.0
-1499.8601,-539.57996,-511.0
-9067.093,-8844.775,-8164.0
-5419.1426,-4055.0542,-6170.0
-6562.7256,-6995.052,-7612.0
490.78638,35.049805,472.5
31.807373,-982.20886,-518.0
-4487.1533,-5453.177,-6040.0
-3422.872,-4717.1074,-4776.0
2002.2712,647.2517,163.2
-6351.3213,-5123.8105,-5400.0
33.868164,-21.829834,376.5
365.8584,563.36426,849.0
-6529.1426,-6776.1367,-6548.0
-7157.0127,-7575.757,-7760.0
-6806.911,-6328.3555,-6590.0
-2462.273,-3140.6616,-972.0
-1664.1637,-2913.3984,1594.0
1880.9524,947.4868,785.0
1039.7769,168.73413,362.2
-6504.368,-6733.207,-7096.0
1681.5308,1410.8022,1027.0
-25.158447,104.85571,679.5
-2305.642,-3934.5583,-72.75
-6273.461,-6669.1523,-6748.0
425.7832,785.6904,634.0
263.16968,-469.94043,264.2
467.8772,62.262695,-275.5
115.228516,-346.33997,-307.0
-2175.592,-1818.5814,-867.0
-7260.874,-7078.793,-7300.0
-5395.61,-5813.284,-5240.0
487.10254,143.39136,647.5
-2642.8364,-3978.9658,-4450.0
-2792.5732,-3551.5205,-5664.0
-8726.856,-9083.301,-9380.0
-1648.0015,-777.9332,891.5
555.9043,1307.3367,838.0
-1482.5178,-3204.5806,-3776.0
-3314.7114,-2681.6865,-1178.0
109.616455,915.7849,285.5
-3600.148,-3626.7092,-3642.0
1046.0854,326.6067,380.0
1346.0701,250.29175,658.5
-9038.538,-8835.49,-8840.0
-267.25964,188.66333,238.4
-1451.4359,-2149.5654,249.8
-3953.1597,-3280.5,-5090.0
-337.68005,-1542.1473,-4604.0
622.9341,-95.73291,-403.2
1456.4783,709.83594,1731.0
568.4419,191.60986,528.5
181.93774,843.8037,862.5
-2362.137,-2547.4492,-5384.0
-1863.9346,-1967.5173,-3960.0
1127.8264,1052.2551,600.0
463.10645,-446.96057,-131.4
-368.7787,73.785645,-381.0
-3960.0479,-3348.3477,1266.0
1424.0781,488.49854,864.0
184.93726,-111.365234,48.53
-813.1603,-143.31909,-267.5
1068.0884,684.6997,1798.0
-7112.5615,-6955.718,-7000.0
-5856.06,-5828.2695,-5904.0
-8805.241,-8186.0586,-7652.0
-1502.8059,-1070.9105,-1149.0
-7112.2197,-7400.085,-7064.0
-3345.1973,-1822.5245,-1642.0
2059.595,1778.8501,1571.0
-2850.4055,-3730.3215,143.6
-366.4513,-261.73547,659.0
168.80005,163.54321,-15.33
-688.33777,-957.5088,-1168.0
-7227.833,-7876.4014,-6988.0
-5866.422,-5638.0664,-5920.0
2533.5251,1607.4614,1798.0
-7319.8174,-6692.329,-7868.0
-6283.2793,-7422.4814,-8440.0
846.72314,537.05225,290.5
741.3096,-338.79272,352.5
-8663.255,-8915.159,-8390.0
-236.33936,-457.05945,370.2
-7451.427,-7524.5176,-7220.0
-6992.257,-6907.0283,-6596.0
731.4072,5.9785156,900.5
1690.1914,1726.8491,761.0
-3927.3677,-3494.249,-6412.0
399.7202,918.04004,409.8
1378.9478,1046.5908,888.0
-6702.0566,-7507.2607,-7748.0
1411.4009,1681.5889,1528.0
-827.82886,-122.973145,-361.0
577.4158,668.7363,434.2
-170.15015,587.0154,415.0
543.6936,194.80347,787.0
-5450.578,-3596.8047,-3176.0
-4500.08,-6988.169,-6536.0
577.58496,-25.908447,921.5
-3955.474,-5875.2236,-5348.0
1167.2542,896.75,576.5
322.3064,548.0034,593.0
1567.3223,1403.0737,1356.0
-1686.4067,-1864.0557,-4388.0
424.47314,-196.0647,288.5
-7199.842,-7636.8564,-7496.0
-7021.453,-7834.0537,-7668.0
-4069.4185,-6003.2607,-9600.0
-313.11584,-354.19446,-488.8
460.9087,337.46313,-158.4
524.14307,-230.44824,-488.8
-1548.9875,-3764.289,-7964.0
1788.3767,860.1316,909.5
2173.3909,880.12427,903.5
262.0835,129.33887,-9.1
-5663.4097,-6132.7134,-6836.0
-7491.0215,-6017.758,-1820.0
-5380.8145,-6015.4316,-4980.0
1042.1062,1080.8406,1392.0
-273.77502,-189.24048,-403.8
-329.5647,-190.2107,-64.2
-3523.341,-4447.1484,-2540.0
727.66846,1094.6074,974.0
-6056.3555,-6687.0684,-6380.0
334.43774,64.504395,267.8
1720.2415,511.23364,577.5
-1276.48,-443.2428,-926.0
-596.16626,-1202.1774,494.2
962.3867,520.12646,924.5
-7659.666,-8394.2,-7400.0
-7541.455,-8763.587,-7890.0
-531.38806,-912.0747,-113.94
-7033.3467,-7828.1426,-7250.0
1713.7947,1320.096,1394.0
1436.9912,1299.4604,784.5
134.04199,-119.7395,-639.5
-426.92126,-866.22156,-593.5
-58.00757,203.573,72.56
-508.41736,142.81982,-442.0
-5141.411,-7177.919,-5576.0
-952.55676,-1927.8734,-2752.0
-5998.704,-6165.256,-6360.0
-8842.908,-8331.683,-8510.0
-1823.9008,-2625.34,794.5
-6198.456,-6751.87,-6548.0
-5104.081,-5781.5566,-5944.0
-470.25073,-483.1748,-202.4
-74.72656,-764.92163,216.4
1065.8279,880.0842,792.0
-63.020264,268.52124,-281.8
790.355,785.0134,454.5
-454.50073,-209.01978,-237.5
-121.81152,208.60425,-219.6
-5768.2876,-5588.823,-4280.0
985.50977,445.88013,856.0
857.3064,340.39062,620.5
-8335.694,-8305.842,-8744.0
835.8286,564.3616,313.8
326.49536,92.256836,222.2
-3888.3418,-3948.0571,-4612.0
1064.6123,318.84326,658.0
-7655.574,-7487.92,-7496.0
-6869.0723,-7501.576,-7430.0
-6341.4907,-6300.17,-5720.0
563.4138,948.7024,297.8
944.8323,1026.7153,458.0
1108.5417,576.98047,444.8
1181.0581,502.09058,-221.1
2135.1228,804.6128,1025.0
-6785.6055,-5685.63,-2998.0
2400.7805,2134.6814,1681.0
-9718.87,-10340.293,-10630.0
466.0144,431.4712,254.5
687.0034,135.40186,167.4
-3998.2734,-3708.9087,-4372.0
1198.0422,1014.09595,996.5
643.0845,13.555176,804.5
-7686.5146,-9369.004,-9544.0
-284.76526,-568.2119,-795.5
813.7859,-253.93274,147.8
-532.3154,-720.90454,-395.2
1539.544,1176.1052,1144.0
664.584,1070.4854,830.0
506.21094,-177.40625,48.66
1505.9963,752.1775,1387.0
245.64087,-1244.313,-38.1
-25.48584,-414.53748,-250.4
-2311.8914,-3287.4634,-3490.0
-4757.504,-5383.7344,-3372.0
-8723.865,-8061.455,-8856.0
1580.4998,647.978,973.5
-157.06348,557.82886,171.2
-4248.537,-4881.964,-5210.0
909.2175,214.10571,870.5
-7748.7285,-7729.1553,-8056.0
-5979.462,-5864.8525,-5884.0
30.313232,-604.23145,-469.5
-4077.4927,-4923.9233,-5370.0
328.94727,-489.8844,228.6
1020.8091,52.8479,818.0
-7213.7793,-7863.0117,-7880.0
957.9646,702.824,222.1
1051.7551,889.2534,1380.0
856.8152,-306.03357,374.5
-8264.949,-9964.228,-11030.0
355.7693,826.9695,338.0
8.233887,-105.4209,501.2
-1487.0791,-1830.9349,-1021.0
1162.1636,1083.3157,823.5
-3858.9517,-4678.574,-4976.0
-3322.6997,-3824.7944,-4760.0
695.0613,193.1399,630.0
290.0332,47.86841,233.0
-3100.0234,-4063.5767,-6420.0
-7767.9014,-7113.5596,-8270.0
-1612.7766,-1392.787,-1485.0
1442.4014,1234.8323,959.0
1482.096,926.0869,1369.0
-2897.586,-3007.5645,-4852.0
1364.2888,113.95361,-26.52
-5215.7256,-4597.004,-5596.0
-4045.7114,-3954.3647,-6620.0
1220.3733,723.41064,934.0
1321.7815,852.48486,720.0
1617.8674,296.01636,913.5
2139.5955,1692.2461,1538.0
-6567.871,-8064.8877,-8040.0
-2883.339,-2990.9678,-1068.0
605.9934,1107.1853,20.48
-6137.1074,-7228.5703,-6750.0
-7312.4707,-7270.4766,-8410.0
-11295.0625,-10803.094,-9976.0
-7617.991,-7807.0654,-7984.0
-6707.714,-6833.3574,-6892.0
1687.4795,812.2727,586.5
1042.8821,-476.24963,319.8
1930.1809,1895.7107,1433.0
1456.4875,990.06274,964.0
159.4729,372.12622,138.8
161.77637,-407.49622,1041.0
720.8484,366.17725,539.5
-7640.914,-8819.58,-8530.0
-4520.0576,-4518.0884,-6028.0
916.89185,1066.8125,805.0
461.16602,261.32373,294.2
-7078.0723,-7107.5615,-7110.0
627.9021,437.177,553.5
739.02,-345.86523,-128.9
-738.8218,-784.1251,170.1
1354.5193,1516.0164,1338.0
-6768.997,-7187.174,-7236.0
-5055.931,-5523.7837,-240.8
-6157.589,-6696.456,-7150.0
1133.3547,417.5913,925.0
-5180.709,-5062.8975,-7676.0
928.44995,221.32788,-117.8
2053.3777,1424.7229,1240.0
-2437.6565,-1480.439,688.5
-149.13208,-302.7129,1000.0
-7004.4346,-8099.718,-7130.0
230.18457,-472.60107,-1800.0
1211.012,1051.8892,493.0
1753.1729,2667.2322,1718.0
124.83789,616.3689,10.73
-6124.705,-7730.1006,-6064.0
1451.2744,1107.9683,863.0
-2762.6777,-3142.8318,109.9
-6789.052,-8249.477,-8370.0
1297.7949,1435.6562,1019.0
1628.6921,675.1011,1009.0
-1209.4785,-1123.223,-657.5
-2965.8894,-3190.5564,-1436.0
828.0095,455.76294,-643.5
-7139.162,-7005.1807,-7780.0
-4875.4897,-5305.6216,-5540.0
-2886.0532,-4648.658,-5996.0
903.42334,1080.6814,1074.0
-79.448975,48.904785,1124.0
-4631.502,-4913.2324,-5132.0
370.11206,93.01245,-103.9
-1869.4271,-2774.6177,700.5
-300.27197,-555.27563,-252.9
848.8071,236.26172,666.0
556.2639,-327.37634,179.6
2043.3635,725.0791,1543.0
919.501,1229.1187,319.5
1018.52686,1091.2461,701.0
-540.3141,-322.2854,-692.0
-310.57263,85.91626,515.0
392.47852,-503.37378,-242.8
159.47827,372.12622,184.5
758.6533,91.208984,916.5
446.61255,203.84448,900.0
-7318.2695,-7277.548,-7108.0
2315.2517,1591.3618,1126.0
-6273.135,-6598.963,-5996.0
-9341.873,-9916.899,-9690.0
-7034.462,-7124.992,-7424.0
1602.7566,1372.0039,1478.0
-8333.957,-10467.746,-10290.0
1814.3577,772.62866,856.5
-5526.71,-6138.0254,-6124.0
-6304.38,-7713.872,-7460.0
-2068.889,-1363.8733,-1242.0
728.8843,398.9082,497.2
-841.3718,-1410.0383,-97.94
267.70825,435.0808,739.0
-7156.285,-6350.441,-7580.0
714.92065,166.79736,346.0
779.5571,685.5205,234.4
345.5652,-94.2854,56.47
-990.0178,-2299.4456,572.0
-1303.4849,-2102.7668,-5870.0
64.06543,-352.67065,-261.0
419.0161,1337.0442,666.0
99.77759,53.687256,46.47
-620.86035,216.62451,-317.2
841.3069,-196.16089,-477.0
-7757.162,-7597.299,-8264.0
1560.2031,907.28345,1243.0
-3738.7256,-4089.8833,-4492.0
-9501.654,-9821.151,-9860.0
-3804.9014,-5238.1978,-5350.0
-9415.897,-9703.694,-9500.0
2303.2073,1566.3093,1306.0
-398.67627,-1348.8677,-2046.0
1494.8523,849.2478,704.0
996.0845,-89.40747,184.9
1498.783,432.8872,1085.0
1177.3286,1196.7046,911.0
-2591.0007,-4421.5938,-4772.0
840.35913,1750.6562,728.0
950.80444,787.6411,-305.0
2021.1624,858.65356,497.8
-5776.2793,-6830.8467,-6948.0
-4194.7217,-5500.9375,-5480.0
-321.515,-114.18628,-74.2
-468.3202,-521.00183,265.0
1231.8767,1063.4333,124.1
-7747.0596,-8479.533,-9190.0
-407.24097,-437.27917,61.2
-4155.143,-3649.9814,-622.5
-10892.403,-8924.7,-9384.0
765.6858,35.8125,-1094.0
-6749.924,-5713.9775,-7170.0
-687.4617,-1755.9341,-5330.0
510.87915,963.2637,-76.44
-5758.606,-6393.1064,-6430.0
-1171.1691,-306.71375,875.5
1085.5417,1890.0637,1330.0
1051.1672,554.42236,1059.0
-360.40405,-280.4403,-149.9
-5730.6523,-6765.493,-6350.0
-481.7411,-562.80347,-497.8
-8953.349,-8893.208,-9130.0
-3590.4517,-4322.58,-6910.0
-4445.8574,-7159.383,-6584.0
-7104.325,-7936.093,-8030.0
-9358.393,-8587.649,-9944.0
-6762.3945,-7721.59,-8012.0
-319.48706,-410.00146,-486.0
-4952.416,-5891.593,-3778.0
-1054.5299,19.217773,-358.2
1449.9944,824.9241,1648.0
721.99634,820.64014,952.5
-82.25,-913.3114,-282.0
1433.4617,517.3552,328.8
-6817.842,-8962.388,-8820.0
1596.4392,588.07983,744.0
-4779.5615,-5237.9746,-5280.0
-2772.4526,-3339.4702,531.0
-5324.4053,-5757.8496,-6176.0
1360.6697,1314.6926,219.5
1053.0896,-374.9402,206.9
-4268.9194,-4974.8037,-4824.0
809.7722,562.53,343.8
-7731.3457,-8264.8,-7920.0
-4822.296,-5359.7197,-4784.0
1728.165,1572.751,1387.0
-6522.2646,-6856.282,-6936.0
2164.7258,1122.324,860.0
485.58423,1623.6707,645.0
-5593.9775,-5857.601,-5496.0
-5264.9414,-3478.2534,-5496.0
-530.1089,-841.5265,-615.0
-304.86682,-505.91333,-281.2
-1096.3123,-298.99695,-1099.0
-3691.3823,-3198.9497,-2764.0
688.9951,534.6316,1072.0
400.88208,69.57129,461.2
-5363.6943,-6658.175,-6424.0
842.69653,485.27002,601.0
-6896.1865,-7551.4795,-8010.0
-3928.4395,-4486.696,-4484.0
-5529.126,-5504.396,-6460.0
-2982.2656,-3332.362,-5452.0
-1672.7498,-829.49023,-3844.0
207.73315,-218.65112,-115.3
-798.7269,-284.55444,405.2
-7715.616,-8149.1436,-8290.0
-1227.7023,-1758.5938,-4310.0
907.7368,100.81445,889.5
-3818.4727,-3387.0789,-2498.0
-734.5553,-434.92188,-823.5
1969.2659,1016.3108,1481.0
-1942.2543,-1583.6213,-1294.0
-6612.088,-6638.6904,-6364.0
830.906,781.6328,558.0
-6088.367,-7143.8857,-6960.0
-6965.08,-7752.7715,-8190.0
-1055.4254,-1455.0376,-477.8
-605.5897,-188.50903,-231.5
223.0127,-413.7367,-467.8
-16.869385,-306.73022,-700.0
-1593.9949,-1116.9335,640.0
-6064.3477,-6530.7783,-6540.0
-252.59534,-401.74902,-771.5
-4334.382,-3896.204,-5040.0
-6764.995,-8120.657,-7108.0
594.6389,997.9055,633.5
838.17334,1497.0593,1049.0
-10664.185,-8929.873,-10990.0
-753.426,-486.73853,-937.0
505.51514,-268.1726,853.5
-47.864502,-177.60449,-6360.0
-3851.0195,-3799.7341,-5330.0
1447.334,1143.3816,909.0
370.9485,294.67676,463.0
1032.8525,750.4888,776.0
775.5161,1024.6289,819.5
-415.48083,-241.29663,-1326.0
1171.763,321.84863,718.5
-7167.246,-7808.0967,-7624.0
-27.361084,-277.9662,-440.5
268.4026,214.52759,302.2
-3773.767,-2225.66,-1114.0
-759.83655,-740.94385,90.75
853.2622,947.59595,897.5
1134.2607,-254.03955,312.5
-1090.3026,-1408.299,-567.0
-7787.2637,-7936.835,-8210.0
876.55176,-563.1393,283.0
-2599.8167,-1138.5101,-1393.0
-4743.757,-6229.371,-7440.0
-3797.613,-4953.8906,-5588.0
216.62158,-411.7953,315.0
-10231.721,-9198.669,-10670.0
-2681.2822,-2924.4927,-2084.0
-487.87988,600.5442,-801.0
-280.27478,750.90405,263.2
1072.4194,584.7036,599.5
-4931.502,-5489.126,-5520.0
1404.5967,1209.8391,1061.0
-3710.0564,-4757.408,-4140.0
674.59546,636.27246,673.0
1731.281,-142.84375,840.5
-5974.3906,-6137.005,-5656.0
-11882.0205,-10762.948,-12410.0
-1330.6509,-320.73547,-1440.0
369.19702,-386.96753,-197.1
1019.9243,378.49463,130.4
-5920.1787,-7085.119,-6704.0
1432.2058,839.7573,1639.0
116.0459,450.53198,548.0
-5320.7334,-6797.79,-7710.0
2566.7712,1430.2292,1753.0
111.508545,444.62646,-52.6
-6873.622,-7633.4824,-7988.0
1047.3186,1715.4282,1177.0
-10364.952,-10635.372,-10430.0
-10651.231,-10436.176,-9970.0
865.0984,34.013184,430.5
-382.85815,-108.55713,-495.0
577.4158,668.7363,393.8
-6676.2666,-6703.4473,-8064.0
-6960.4014,-7235.715,-6548.0
-236.21655,-737.344,-910.5
1099.6333,1204.3936,1017.0
-5020.1006,-5777.099,-5764.0
-6369.3037,-5646.0137,-6044.0
510.64917,1000.3943,1263.0
446.89844,276.1521,-636.5
-6607.748,-7594.3594,-8720.0
1167.7703,139.97974,528.0
-8036.7266,-7729.2227,-7320.0
1460.4814,1105.7302,1382.0
-868.3544,-2396.5664,1084.0
662.45776,-2.161377,769.0
60.126953,395.75806,120.6
1423.9207,568.77563,1094.0
-6268.215,-8346.268,-7616.0
-431.09717,-436.9088,-410.0
-4763.8564,-4617.8125,-5250.0
2101.7063,1772.5144,1406.0
-166.79346,555.35913,163.9
-2231.0613,-920.71423,1349.0
686.1797,-488.41516,46.88
-9638.097,-10191.706,-10450.0
1087.25,1111.0576,1130.0
-7105.301,-7410.408,-7004.0
734.8633,663.2554,875.0
1103.0522,1211.0684,1242.0
1549.7625,1306.9312,753.0
119.88794,736.5193,187.0
-4381.08,-5042.4346,-4980.0
-6100.8877,-7279.995,-5732.0
-2890.2432,-3617.6287,433.5
2184.43,1585.4062,1092.0
378.58716,1006.01465,500.2
-7609.3926,-9019.806,-8904.0
933.8894,1192.071,788.5
-6909.163,-7075.618,-6732.0
-6580.367,-5933.5293,-6140.0
-3451.066,-4222.8213,-4788.0
1624.2349,817.29565,361.5
-5761.884,-7011.751,-6412.0
-354.39282,31.17334,-372.5
1016.99194,596.26904,354.5
387.10034,-79.46826,366.0
-11087.118,-11077.498,-11064.0
-2637.005,-2857.4624,-3620.0
-473.57556,-280.34363,-446.0
394.8806,-298.87085,60.8
148.27466,299.01953,35.44
1454.8633,1502.7971,771.5
-3941.7168,-4365.708,-5156.0
2202.8865,938.77515,1589.0
-7118.3184,-7228.876,-7560.0
579.2871,141.14087,518.0
1659.4612,914.657,1207.0
1552.5547,968.97095,1023.5
-3088.397,-3430.2407,134.9
1498.1909,2108.2874,1566.0
-4677.773,-5359.7793,-6124.0
-1107.8433,-706.656,-492.0
-1435.2953,-542.52124,-510.2
-8130.4023,-8645.799,-8936.0
1266.5251,490.3152,-250.2
-1302.3286,-667.36255,511.8
-315.53333,-468.8833,-307.0
1548.3391,496.66235,-29.34
1101.3086,1414.374,1254.0
-3749.7495,-5156.625,-5988.0
-428.05505,-252.87903,453.8
-71.081055,810.2759,226.6
1272.1357,1397.876,153.6
1501.9507,1484.291,1172.0
1349.4707,939.79663,1080.0
121.61572,-4.4399414,-1368.0
1867.5857,1347.0977,1054.0
662.55225,718.125,1496.0
-1239.3236,-2412.046,-1482.0
-2382.9717,-3553.905,-2828.0
-975.7014,287.4048,102.8
771.50757,1056.9951,540.0
-6520.6377,-6915.049,-6590.0
472.43506,268.55933,24.75
-70.43848,563.3252,570.0
-3107.468,-2858.5686,-1151.0
-1747.6023,-1755.0817,74.94
500.5708,125.361084,13.195
-6581.7734,-6379.6963,-5744.0
63.57495,538.2417,26.03
1499.4822,1049.1829,771.5
882.9844,1516.0039,1107.0
-3390.9766,-4566.448,-6656.0
-6434.948,-5931.539,-6396.0
-485.563,34.803467,-682.0
980.2124,1147.0879,337.8
1821.888,494.9756,958.5
-6800.157,-7632.577,-6508.0
1584.0774,1723.7151,950.0
-5138.4517,-6180.087,-7856.0
-18.078857,-839.39,1016.0
742.3706,-431.95862,20.19
120.62964,923.08325,1113.0
254.96948,-45.290283,-122.7
1286.1113,895.74316,933.5
-3864.2998,-4112.2324,-2392.0
1368.6423,828.79517,1517.0
76.32495,7.494629,44.56
-2898.312,-3117.1716,212.5
141.15723,-370.81506,457.5
840.4783,-300.36804,266.5
256.40454,118.97632,-152.0
11.096436,-750.7085,-545.0
1182.762,835.4614,938.5
-6406.9863,-7586.7754,-7620.0
43.28882,393.85376,-865.0
-6719.7607,-7742.4424,-6548.0
-531.9435,-579.54443,359.5
-1238.9438,-2271.1985,1303.0
-3434.373,-3447.1013,-6870.0
-7187.331,-6973.752,-7144.0
-4877.5146,-5445.1064,-4840.0
1196.6611,1535.8462,1115.0
-5321.2515,-6108.548,-5908.0
-7019.3027,-8154.328,-10600.0
-6162.2095,-5494.662,-6890.0
-13458.401,-11748.116,-14000.0
368.0603,42.19214,-13.49
-8216.411,-9353.011,-9624.0
943.2532,641.25415,552.5
509.0481,151.59082,183.5
-7483.708,-9020.7705,-8940.0
1356.633,1973.0286,1235.0
-23.471924,624.95874,459.5
-1238.1782,-790.4541,-1302.0
1304.5532,429.25,553.5
886.71826,760.0647,499.2
869.85986,289.66333,299.2
-674.67566,-639.7362,-258.0
-54.018555,-120.19849,257.5
-7045.299,-7425.9893,-7388.0
891.4004,622.4248,1036.0
-541.5171,-940.1483,-1104.0
577.9148,213.51685,308.2
-7142.747,-6994.8467,-7344.0
-1344.1464,-385.32312,-428.0
-11.231689,643.8142,175.9
90.196045,306.7566,198.9
-2917.9646,-3029.8533,-257.5
1174.3232,1279.6895,1004.5
1414.7231,1147.2593,605.0
734.5774,130.91211,192.5
1186.7747,1299.4268,986.5
-6114.749,-7319.916,-6700.0
1258.5325,1344.252,1121.0
-473.32056,-295.4807,-453.8
-65.29248,288.52124,-25.1
-662.30554,-1543.2955,1539.0
1364.3091,342.39307,731.0
1461.0269,374.13647,400.2
-4312.9277,-4687.826,-7240.0
-150.38745,204.68433,125.8
-4978.0107,-5113.9985,-5570.0
532.6284,-21.05127,-457.8
-391.94897,394.66895,-295.5
-468.761,-675.21155,294.5
1709.7627,1129.6538,1155.0
-3950.6943,-4211.432,-4510.0
-7869.004,-8026.8994,-8250.0
-1489.1912,-1419.3647,-1424.0
-2015.995,-742.69543,661.5
205.30371,851.7927,-212.8
-7313.4746,-7814.334,-7880.0
-0.22021484,550.63794,1104.0
-6442.8145,-8660.207,-8504.0
-6777.586,-5745.3633,-5708.0
-262.74927,169.13379,-313.2
-3254.6929,-4538.545,-4376.0
-7194.5107,-8683.305,-8510.0
-5574.996,-6890.7744,-6950.0
256.85718,1.4042969,-47.8
-6904.3193,-7020.504,-7716.0
670.96265,-226.54272,187.9
-7705.826,-8677.848,-7544.0
-1920.9307,-1990.3167,-1111.0
-6902.705,-7334.372,-7056.0
1969.9338,1002.42505,1124.0
789.5281,-52.975586,109.75
-648.1561,-1968.0977,-869.0
-1990.4048,-4372.4473,-5116.0
-4942.228,-4133.7334,-6308.0
-4940.121,-5562.8037,-5136.0
1268.8071,406.3557,217.4
577.30273,55.223145,223.9
1297.6594,622.334,969.0
-753.2284,-637.8528,-106.1
-3781.26,-5359.738,-4880.0
-6778.6797,-6681.385,-6556.0
1644.0935,334.57373,647.0
11.515869,656.34204,433.5
-20.314209,-303.88184,628.0
-374.4784,407.93823,-81.75
-8040.88,-9115.94,-8310.0
-5268.5522,-6672.16,-6676.0
-5290.629,-5576.83,-5150.0
-67.9436,317.35132,-320.8
-2953.9336,-4474.4526,-7636.0
913.1199,1847.4534,1444.0
1675.116,683.3137,1215.0
735.33057,674.82764,838.5
1164.4395,171.32202,1044.0
421.59204,238.81177,327.2
-7718.218,-6918.508,-7210.0
-3425.3354,-3308.995,-5216.0
804.0642,578.9231,-285.8
-89.16943,203.0603,533.0
-4912.8047,-4295.626,-4452.0
-9147.325,-9210.094,-9430.0
-898.8456,-424.667,-1006.5
222.01685,-61.22046,213.5
50.148926,-46.053467,-30.7
469.15698,58.721924,-123.5
-7501.74,-8701.446,-8240.0
-4544.99,-4585.4653,-5276.0
-4828.881,-5935.25,-4984.0
187.4878,553.12744,271.2
531.54785,201.08032,158.9
-2836.368,-4966.876,-8376.0
-7937.4316,-7482.666,-8330.0
-8618.834,-8855.803,-8980.0
1146.8586,595.6421,-2446.0
-6736.6484,-6868.552,-7268.0
262.77393,77.37695,-2506.0
318.0979,784.3113,565.0
1634.3755,1116.4409,1265.0
-5308.118,-6412.6377,-6052.0
298.18848,-327.06995,-68.0
987.19336,598.49243,494.2
-2694.9949,-1567.6711,-1187.0
-6921.2363,-6895.9873,-8430.0
-1725.8663,-1290.178,-1293.0
840.1321,1204.2046,128.5
835.2322,1020.1953,926.5
-6092.6934,-6436.831,-5984.0
-106.88916,98.4458,-129.2
319.06616,478.04395,9.02
-7233.583,-7875.3164,-7510.0
56.46704,-978.24255,-69.7
1134.0569,-155.80005,309.8
-5967.0107,-7477.375,-6984.0
1439.0342,868.83154,962.5
1168.9121,468.91504,873.0
369.19702,-386.96753,-36.1
-1439.5427,-2875.3647,1205.0
937.9807,493.45923,723.0
-8261.118,-9455.314,-9490.0
-452.8827,-687.9026,-272.0
-6539.6816,-6041.259,-7184.0
1393.572,1678.5212,482.8
-6072.0825,-6954.533,-6540.0
969.1948,1102.6877,974.5
-2398.604,-3790.143,533.0
-8721.264,-9373.578,-9496.0
-1345.8118,-584.0502,-612.5
-4178.387,-4727.5854,-4720.0
-1380.4054,-2993.947,793.0
-5404.7324,-7736.218,-7800.0
-4740.658,-5377.7783,-5556.0
-724.60913,-1436.3663,-417.8
-1108.0872,87.538574,282.0
230.3789,29.777832,169.4
-6016.115,-6604.951,-6292.0
378.03467,218.40894,-17.8
-6676.839,-7561.8877,-7450.0
-4220.1567,-6655.41,-6108.0
1321.9592,1256.5745,564.0
-4268.625,-4281.976,-4788.0
-5243.299,-4687.535,-5296.0
-277.1764,-695.4767,-369.5
-711.34814,74.218994,-353.0
-7465.08,-8565.31,-8744.0
-4741.2544,-7023.62,-7092.0
1974.8494,547.84595,1002.0
-8858.258,-10481.895,-10220.0
1436.2747,831.80444,1797.0
-507.4204,-1292.218,-1022.5
622.35156,-127.204346,447.5
-6973.0684,-7462.5244,-7136.0
-4328.1113,-4699.6396,-4812.0
179.1853,72.83716,-495.8
1334.9312,543.4702,742.5
409.7058,61.775146,307.0
-6748.9785,-7855.3066,-7772.0
980.0547,1351.9873,971.5
334.1494,486.03223,618.5
-5865.2812,-6276.8506,-7250.0
461.29565,471.30933,422.0
604.5149,-1519.2576,269.2
-328.09814,-320.8766,-505.5
-5279.8457,-6921.593,-6764.0
-508.44458,211.33936,59.38
1569.2556,708.54834,535.0
-11.119141,-533.79565,-904.5
-8548.625,-8052.907,-9660.0
-580.8522,-619.0492,-445.2
-198.34082,-668.3021,-651.0
-7023.0684,-7405.1084,-7260.0
-6619.4814,-8236.445,-7030.0
-6271.7407,-5043.713,-5560.0
-441.6775,104.68335,598.5
1448.2102,1456.53,1157.0
-351.31738,-893.13635,-801.0
-569.7069,-738.59204,-183.4
-1423.7893,-811.3927,-1318.0
-7533.879,-7898.078,-7820.0
-5863.9775,-6623.131,-5696.0
-1549.2362,-412.8369,-396.2
-1282.5044,-1987.1539,918.5
-7568.4834,-6801.8896,-6724.0
-4015.1343,-4913.267,-4824.0
-8198.281,-9186.071,-8770.0
-216.7583,341.73242,440.0
-5298.348,-5773.213,-6664.0
-1008.99304,145.6023,150.0
-4077.5698,-3591.0044,286.0
965.334,820.4387,705.5
-250.91309,-776.3439,-1048.0
1421.7439,910.6675,1104.0
-7152.3135,-6509.4805,-6816.0
-37.138184,418.85278,144.0
-4998.701,-5627.187,-5330.0
180.4524,-939.97205,-63.84
-144.78564,358.34668,-120.5
776.17456,648.11255,1514.0
-6806.2744,-7322.172,-7364.0
536.52734,-55.239014,491.5
-2876.7246,-3024.4026,-4852.0
-1073.0616,-932.9303,-1346.0
-73.27954,-66.6333,749.0
1194.7864,1323.6011,788.5
383.83496,150.95459,-220.8
844.31445,934.40405,762.0
377.17578,-31.039062,-155.1
1597.4983,633.11743,371.5
-5382.377,-5737.659,-5630.0
184.65576,-883.6887,-801.5
-634.4603,-529.1461,-1030.0
915.2007,684.19556,-2.648
2362.883,1268.8647,1589.0
1351.7185,565.6199,121.06
-6186.699,-6005.6807,-6230.0
1466.6355,1131.7507,887.0
86.086426,418.18262,34.94
-110.96411,525.14404,-261.8
464.3579,510.86792,447.8
-4854.586,-4660.3696,-4650.0
733.0359,1499.134,217.1
793.4512,-45.063477,373.0
1454.6992,1301.6853,1024.0
316.31885,700.49365,380.5
-6110.7163,-6172.9224,-5880.0
-7556.6885,-8423.798,-8660.0
-409.3246,584.7173,-16.1
-1884.5764,166.8794,-1510.0
835.2175,173.10498,515.0
-6984.8604,-6569.2207,-6870.0
-12623.875,-12729.523,-12190.0
-6478.1377,-7629.6514,-7524.0
-1754.5212,-2027.8967,-1857.0
1086.8076,886.16724,564.5
989.2175,510.70776,-637.5
-7510.3027,-6771.4033,-7356.0
-6557.004,-8142.1113,-7236.0
-842.97046,-582.7533,145.8
144.26465,434.7871,103.9
253.10059,717.22,296.2
1201.2427,1192.479,819.5
-7121.506,-6387.7314,-6372.0
-1022.9668,240.19043,-15.234
-3586.4695,-3623.4646,-5092.0
-674.67566,-639.7362,-322.8
1107.1824,925.16504,894.0
462.76025,356.8557,339.2
506.79907,371.84424,-213.1
-545.969,-523.18054,-598.0
962.52246,778.5039,540.0
-6843.536,-6075.586,-6200.0
439.48633,1280.1262,391.8
692.99756,-928.40674,128.1
-6877.2373,-7523.842,-7064.0
1690.3506,795.03296,1136.0
236.11597,-344.2196,-408.0
-5165.3833,-4820.0806,-5640.0
175.59937,866.7737,424.0
1125.1814,-81.92041,84.44
-6214.742,-6252.5103,-6132.0
991.6028,482.3379,-219.1
-5266.037,-5893.164,-5996.0
558.73706,-241.85034,231.5
1188.7979,698.63257,539.5
243.27222,118.85693,-953.0
506.76294,860.0962,255.9
1228.7214,995.5259,1195.0
-5615.995,-5362.6846,-5176.0
-4494.9688,-4332.449,-6296.0
-662.4955,-1189.3906,-941.0
-5110.0127,-7139.504,-6070.0
1848.7068,300.4187,620.0
411.34058,-343.86597,400.2
-987.32434,-14.426758,-339.8
280.97192,1403.596,343.5
-3321.9004,-3379.0435,-8420.0
-928.5935,-783.4221,-985.5
1132.383,932.4592,677.5
921.7832,689.4949,643.5
525.57764,515.11475,-171.4
880.3242,-19.09375,3.496
790.86084,-133.37012,-415.0
2026.3562,542.1057,1356.0
2486.971,827.23926,1119.0
-7771.578,-6926.6143,-2002.0
-7422.2705,-8508.794,-8750.0
753.9807,710.6975,415.8
-1590.5925,-550.225,-1024.0
-4704.8926,-5157.9844,-4972.0
-594.4768,-1249.4152,-460.0
293.48608,-966.9249,-4456.0
-1476.9684,-1105.5338,-891.5
-6317.959,-7882.458,-6636.0
1403.1648,783.55054,887.0
-8175.425,-9324.278,-9690.0
-5243.2036,-5875.663,-6084.0
-5593.436,-6135.4087,-5892.0
2153.765,1784.6372,1913.0
-5554.615,-6198.1914,-5492.0
-1048.005,-1208.0739,-309.2
2125.7898,1235.1504,1680.0
-3786.1528,-3997.515,-854.0
-6644.5293,-6116.962,-7504.0
-899.053,-702.42725,409.5
-1280.0082,-1801.3735,468.8
-5996.999,-6917.417,-6600.0
913.9863,512.20557,811.0
1029.6995,453.6604,-381.0
935.3723,652.0327,644.5
697.552,1102.4832,552.0
623.16724,188.54614,-508.0
513.5835,622.4568,412.5
-9244.374,-9530.2,-9750.0
886.0161,265.8518,298.2
1440.9932,878.23975,1355.0
-1101.6257,118.77734,205.4
640.281,1219.1912,67.94
458.5498,-315.29077,268.5
725.12964,125.61597,57.06
610.72437,236.72217,252.4
-7669.8066,-7725.633,-7290.0
2.2346191,-44.49951,-40.9
-7203.051,-9544.493,-8296.0
554.24146,398.33252,446.5
-531.38806,-912.0747,-2612.0
-9164.51,-9151.726,-8930.0
690.62354,806.34326,1189.0
-430.81836,-239.90417,-135.4
-32.94873,-582.7053,-307.0
1082.6365,0.92163086,-72.8
-8021.203,-6863.171,-6990.0
-1086.5027,177.93555,-204.0
-624.6404,-150.90796,15.21
-7093.075,-7280.158,-7492.0
810.70605,247.72852,1429.0
249.66138,529.7793,-423.2
-4789.582,-4126.6147,-4090.0
1294.4731,1269.0754,744.5
-1817.1521,-1347.8367,-1104.0
2130.8923,1052.4275,1641.0
1425.0642,1123.9912,928.5
-6129.8125,-7221.257,-6948.0
-5119.7188,-5670.946,-5396.0
520.45044,-152.23486,82.1
-5870.712,-6659.867,-6376.0
-418.29724,-368.98816,-552.0
-6882.241,-6504.501,-6124.0
916.468,659.51733,567.0
-27.763672,459.75317,-262.5
859.66675,119.11743,475.8
-8397.798,-7256.7383,-7436.0
714.0779,221.23486,247.5
-5300.057,-5740.124,-5070.0
490.32007,365.427,-496.2
-389.81677,-583.0646,295.8
-5586.323,-5354.493,-5096.0
-4207.444,-4858.0845,-6116.0
-5614.579,-6719.158,-6524.0
297.00342,-95.391846,243.1
-1896.2335,-1101.9666,-732.0
-6543.9365,-6967.968,-8084.0
-121.05493,268.7439,-365.8
-7043.968,-6244.3247,-9016.0
743.718,-40.90674,121.2
-5902.3115,-6720.6836,-5830.0
2774.5637,2236.2278,1968.0
1396.5359,1088.3752,1384.0
-7023.465,-6817.718,-6730.0
625.86475,933.67236,855.5
2062.7317,1240.1792,1126.0
-7859.7285,-6815.8,-7540.0
840.7009,-313.5835,48.6
1461.2798,978.8291,703.5
-6073.9277,-7681.55,-9280.0
-1103.749,-1153.9451,-600.0
486.4558,451.90918,1007.5
-113.11255,-533.1461,-396.5
816.2854,1101.6477,416.2
-5258.579,-6602.1562,-5820.0
-2086.8694,-1675.8325,-1456.0
643.88257,671.9922,508.2
628.11816,362.0288,163.2
-7546.1455,-7999.3477,-7396.0
-8379.507,-7587.0576,-8024.0
1516.7554,1037.4519,1194.0
-8472.585,-9520.815,-9544.0
1726.5112,596.34985,801.0
-8881.019,-9043.5625,-10100.0
2548.2512,1111.9578,1161.0
-1233.3723,-175.36816,-953.0
-703.4271,-1081.082,348.8
38.88257,120.541504,284.8
1195.041,372.1211,419.0
-8231.757,-7281.6055,-6544.0
-646.197,-1625.442,-5540.0
-8122.998,-8763.701,-9150.0
-3027.379,-4014.9805,-560.0
-65.251465,48.66504,52.94
-3930.877,-4659.548,-5284.0
-7087.54,-8465.04,-8210.0
-5608.0503,-6337.618,-6624.0
-1587.2764,-1290.48,-937.0
-188.23804,184.44629,355.8
321.99805,843.58545,908.5
-7206.2373,-7045.292,-6944.0
-4366.0166,-6480.506,-4640.0
-7832.7656,-7828.4473,-8216.0
347.99463,-377.2931,984.0
-6301.5137,-7167.082,-6856.0
-4197.8257,-4928.924,-5270.0
-5103.538,-5454.309,-5836.0
1756.6711,1425.8518,1426.0
65.77075,-165.78638,-0.841
-816.8938,-1220.3136,210.2
-8190.3574,-8127.718,-8700.0
-8075.665,-9061.897,-9300.0
254.63306,537.9883,377.8
1320.3918,1513.1099,1078.0
-5860.6953,-7093.7646,-6056.0
831.1824,727.8362,419.5
1580.8569,1675.7012,1019.5
-3712.8838,-230.21143,-1525.0
-3436.0488,-4748.0625,-6144.0
-499.47827,-521.4282,-635.0
-7012.9395,-7330.0625,-6828.0
471.3191,-104.45386,-274.2
316.594,598.4917,547.0
719.25366,513.27075,497.2
169.60107,1033.2092,-56.7
-6015.7285,-7006.008,-6950.0
1476.2302,730.0034,905.5
941.9219,507.4192,951.5
-7172.8467,-7027.4375,-6884.0
-679.6649,-1407.8914,386.2
-1351.9202,-819.00916,-211.1
-5387.461,-5148.577,-4600.0
-1191.2249,-250.27051,-571.0
-986.18115,-571.73865,15.35
1130.5361,727.3262,516.0
278.0476,-2.0161133,432.8
2387.0422,1148.168,742.5
-1628.7283,-5076.1094,-1705.0
-428.18408,41.71167,-418.8
-990.3458,-673.51245,-492.0
-88.1958,389.0381,-51.9
-8433.137,-8951.712,-9290.0
1931.8025,1398.781,876.5
-1440.2524,-3953.264,-4160.0
-190.40112,-1428.7625,-679.5
-5493.2715,-5175.7817,-6110.0
-4888.4097,-3470.917,-4240.0
-71.7959,-560.8544,-449.8
-7368.2793,-8319.965,-8210.0
-3991.329,-3489.105,-5476.0
1339.783,486.6609,553.5
-5875.2637,-6321.0303,-5824.0
1144.0486,738.32324,1187.0
752.9148,93.62402,-18.83
-4523.6445,-5789.1924,-6104.0
-352.1167,-748.4286,-621.0
-6512.673,-6595.468,-7016.0
389.09937,-13.706055,-506.8
1064.343,603.8755,1069.0
647.6631,1389.9902,206.0
360.17334,173.73389,240.0
-243.12842,405.00537,676.5
1886.1384,656.6089,572.0
-771.47876,-339.6051,-3302.0
-268.2837,-252.2218,-596.0
-8996.875,-8937.596,-8140.0
1177.3647,507.3413,113.6
-5630.72,-6998.8457,-5904.0
1655.602,587.88184,749.5
1417.6162,316.0149,401.2
-497.87585,-335.688,-485.5
652.6072,707.2007,959.5
2219.5686,1617.458,1812.0
793.8904,818.29126,688.5
-7283.6436,-7580.374,-6704.0
584.3252,1018.4602,341.8
721.5554,-73.743164,-34.66
-1363.5272,-54.815674,-1266.0
-262.12085,-229.61572,-1791.0
282.33838,974.8418,702.5
-6236.667,-6713.6006,-6400.0
1152.4958,-10.791992,-1739.0
-5985.054,-6901.8916,-7010.0
-2073.9888,-3051.5425,-4316.0
-315.82532,-1474.1196,-1603.0
669.8906,-197.07422,-238.4
828.8994,281.19263,1016.5
1487.7048,1825.4021,1378.0
-3251.018,-3560.9812,-5068.0
730.18286,780.79224,458.5
-263.39062,-589.30994,-956.5
-1739.5138,-918.8363,182.8
1261.8892,788.85254,1046.0
-864.4426,-390.3916,1024.0
-261.0653,-548.5371,343.2
-4200.6504,-3809.9778,-2422.0
-5106.7744,-5851.7285,-5320.0
1636.9385,494.54663,919.5
-5916.892,-5577.459,-5988.0
-4053.3704,-3827.8425,1305.0
-6985.4443,-7181.0723,-6716.0
-3103.0293,-3786.2788,-4056.0
479.15112,309.7517,-398.2
-9488.963,-8888.021,-9280.0
-2817.3613,-3237.8823,-3746.0
691.9861,949.042,604.5
-8895.751,-8732.054,-9230.0
-84.002686,-135.16797,1126.0
919.52,858.91113,530.0
-242.97656,-363.1996,224.8
-1173.4192,-616.34045,-809.5
-1088.0784,-728.7352,-162.9
-11162.397,-10921.849,-10690.0
165.75146,-556.32544,-647.5
-7120.457,-7706.5273,-7624.0
1504.2744,1178.6409,633.0
1533.2964,1096.0078,1454.0
-3511.0107,-4802.8096,-7690.0
-4719.546,-5840.3203,-5990.0
-5511.7583,-4218.484,-9180.0
-2080.2979,-1773.9884,-1771.0
852.04126,478.14722,456.2
-7085.751,-8293.354,-7364.0
1617.6616,1153.2703,1435.0
-155.2334,-604.3279,-541.0
-168.86377,-673.32983,379.8
1637.2139,989.5427,1349.0
-7955.117,-7828.87,-7820.0
-5627.1753,-5798.967,-5560.0
1439.1926,930.86694,959.0
-6709.411,-7580.665,-7500.0
-109.88086,-1631.1191,-401.5
-4712.974,-4716.974,1688.0
671.0596,-88.562744,-99.4
1187.0061,1595.5627,1024.0
642.4092,1223.9016,459.2
-10.727783,104.168945,170.9
-1165.3174,-2489.789,-3224.0
863.7632,730.39233,815.5
-1608.169,-1918.9076,-623.0
1603.6802,580.5757,1452.0
-4968.463,-6017.2666,-7796.0
-5288.5664,-5856.956,-6940.0
-5656.3887,-6011.594,-6630.0
-4941.8096,-7460.171,-6524.0
-957.7285,-868.015,-660.0
-950.3739,-32.30835,-713.5
1700.7856,2258.0295,625.0
-2096.2654,-3623.235,-5228.0
892.5095,245.76782,129.0
2244.057,971.968,1080.0
-2639.7559,-3393.6611,-4188.0
-118.70117,-2135.2307,-1120.0
-409.48596,288.5503,326.8
-677.3181,-561.48413,-566.5
1300.0708,675.5093,761.5
896.8274,-242.32837,-351.2
1546.323,1550.8601,562.0
1399.1157,1189.6008,919.0
-4946.494,-6251.213,-5332.0
-6351.6304,-4991.464,-7276.0
-30.114502,826.26465,321.8
-273.188,121.920166,44.03
667.02246,1184.9666,772.5
-32.728516,-594.71924,-196.0
-7752.379,-8084.95,-8000.0
1213.4026,120.79419,602.0
-6620.2773,-6656.1475,-6320.0
553.75244,983.9573,454.8
488.28662,-515.8452,139.9
319.5808,822.82227,243.8
-5848.4463,-7366.259,-6864.0
-3639.3958,-3814.069,-5576.0
-2789.8257,-1106.1819,-1101.0
-7713.545,-6731.1904,-7230.0
159.927,377.70312,126.25
-8843.003,-7388.5557,-9010.0
450.3098,-386.005,322.5
-262.74927,169.13379,-382.5
-4758.209,-6162.176,-6024.0
-3697.2588,-3698.5034,-5132.0
-937.6953,-2202.4937,-4788.0
-712.08093,-820.26965,-271.8
-5054.3384,-5249.7705,-5796.0
-1777.0201,-5042.893,-3046.0
718.36694,454.9099,597.5
1601.1096,1094.5791,977.0
-4441.783,-5675.5645,-5490.0
-7389.871,-7725.756,-7836.0
565.52905,283.4348,200.1
-6078.3755,-6935.035,-8200.0
-128.25952,415.8894,12.66
503.54077,533.2871,817.5
-3354.6978,-1442.4109,-764.5
925.115,870.79175,1067.0
557.3169,-293.17114,-81.0
-6067.2754,-6345.2295,-6308.0
1619.7241,1531.7705,548.0
-5108.685,-6146.6914,-6536.0
1106.1509,1111.9001,760.0
-5546.5234,-3905.4988,-5376.0
-4984.38,-6731.6357,-5652.0
-8376.99,-8316.099,-8430.0
-2109.0525,-2193.3933,-1865.0
-1.9006348,814.7688,1333.0
776.5923,459.3203,448.0
-3396.2363,-3297.1099,-1882.0
553.6831,-98.19824,146.8
-5998.119,-5546.497,-8700.0
-3065.443,-3869.0205,-4510.0
-7741.506,-8728.146,-10690.0
-4663.8447,-5542.02,-5244.0
829.4324,-520.37146,-821.0
-8057.3613,-7092.0293,-8176.0
845.0012,124.73633,474.8
-3954.8735,-4739.7065,-4548.0
-6721.5938,-7758.4062,-7236.0
300.80957,-423.3335,169.1
-5613.6357,-5962.953,-5484.0
348.61133,-190.28052,-4100.0
966.21704,900.80786,794.0
319.9414,637.42993,222.9
1340.187,984.4773,537.5
-7562.2314,-8765.917,-7930.0
-9905.11,-9168.726,-10210.0
-9152.775,-8215.636,-7356.0
1756.2041,879.8594,864.5
-1228.9535,-637.2479,-853.0
879.2151,1078.668,391.2
-562.4579,774.084,716.0
1205.813,927.5488,689.0
1302.3115,990.1155,699.5
-6044.299,-5974.3945,-7064.0
-7883.0615,-7576.3604,-7990.0
-4703.61,-4616.8135,-6828.0
1274.5864,2336.6985,695.0
1335.3066,102.73633,914.0
-72.98828,95.68555,29.77
-7783.997,-8633.906,-8320.0
-674.46375,-1073.7994,-584.5
-6366.0176,-4961.3,-6980.0
546.71875,152.54736,-5.848
-5376.2344,-5591.395,-5164.0
-8003.621,-6934.4814,-10340.0
-1532.5005,-648.1531,-921.5
1181.2991,387.11475,987.0
1099.8896,386.7815,399.5
127.9917,-191.44287,137.1
-336.83228,-913.0044,-1392.0
-28.13916,377.4209,267.2
611.1636,165.38184,212.2
746.323,-112.97388,-137.6
-7755.2295,-8003.959,-8790.0
-148.344,-431.25098,-276.2
1502.7793,734.72363,1187.0
-3793.357,-2044.5278,-3458.0
-5496.99,-6368.9326,-6800.0
1198.5442,1477.4844,1188.0
-2188.8691,-2292.3455,-4284.0
1374.834,2292.8762,1368.0
1689.7175,1099.387,1202.0
-8533.831,-10071.986,-10030.0
1522.855,1234.9226,1178.0
775.3904,1106.3599,1100.0
2136.2576,1338.8313,1756.0
2124.1375,810.89453,1234.0
-124.67456,-368.52087,-432.2
-7668.506,-7813.339,-7520.0
-8754.434,-9124.234,-8744.0
754.9104,723.54126,469.8
490.00684,1381.4885,284.8
-4551.387,-5929.56,-5104.0
30.976074,628.093,375.0
1431.258,537.3728,1596.0
-355.36646,-801.43274,332.2
1547.7549,923.4199,1149.0
869.85645,289.66333,355.2
975.3347,391.43213,1071.0
-3641.3323,-4019.4604,895.5
-5153.3496,-5732.6387,-9096.0
-5565.204,-4382.92,-2160.0
-4998.923,-3576.1587,-5280.0
683.43823,15.48877,306.2
-8978.58,-9606.57,-8310.0
-236.33911,-201.47534,-1860.0
-7143.1875,-7324.6016,-7588.0
-425.66455,696.26074,876.0
-584.10364,-464.76917,-627.5
2482.9158,1348.0994,921.0
-5922.7217,-5875.2993,-5104.0
126.77295,-218.46411,291.0
1786.8662,1516.362,1321.0
-7685.256,-8322.259,-8420.0
1740.5527,1573.7866,1563.0
-4747.67,-6384.0566,-6296.0
-4777.3623,-5636.288,-6164.0
424.6416,1024.4517,-4.965
-7711.171,-8025.2363,-7816.0
-6185.652,-5905.324,-5624.0
-6385.3145,-6364.7207,-6824.0
1118.4407,689.4314,813.5
-382.85815,-108.55713,-380.8
-8180.12,-8850.536,-8664.0
-306.19263,-298.7328,437.5
-5465.761,-5734.058,-5424.0
-7173.117,-8282.42,-7764.0
-4658.418,-5398.4824,-6976.0
716.2644,1006.4524,241.0
349.4624,-464.49,72.44
-296.7318,-107.74536,-10.18
1988.9944,1979.6443,1228.0
963.18774,647.42017,540.0
445.1704,149.98853,-74.2
-7294.6533,-7332.4414,-7260.0
-4868.788,-5122.2896,-5188.0
115.188965,-149.2832,-435.5
1099.1465,1359.3076,882.0
493.43872,274.23755,-242.1
1315.0325,594.375,808.0
547.4873,39.098877,-20.25
-848.2002,-1772.4204,-1109.0
-1291.7742,-221.10864,-948.0
-7976.083,-9144.472,-9130.0
-3316.584,-2290.1582,-2096.0
-8776.611,-8818.007,-9680.0
-1094.295,-439.35608,-348.0
-236.20947,277.56177,-79.8
-8726.088,-9123.657,-9624.0
-5451.1104,-5935.622,-6024.0
-4883.159,-5827.0645,-5156.0
2403.868,2535.1204,1901.0
-7658.7705,-8383.373,-8350.0
-1278.087,-1548.041,671.0
-9388.705,-10394.307,-10240.0
-3973.912,-4101.5337,-428.2
-10860.047,-10902.8125,-10860.0
-7407.206,-7996.0117,-7816.0
-986.5254,-1997.9626,-6308.0
-4970.589,-5569.554,-5350.0
-6008.9746,-7756.71,-6744.0
1934.946,1240.645,1143.0
689.5144,-126.71118,-451.8
-9626.629,-9320.276,-10480.0
-8330.921,-8171.6016,-8430.0
-828.2272,-1005.50977,-1385.0
23.091309,-388.12183,400.8
285.50293,618.2859,-204.0
1131.219,658.79517,810.0
504.00854,1000.56274,446.8
14.422119,271.17627,-284.8
-2897.0955,-2521.237,-3754.0
415.73828,-716.6,-314.2
-6871.3613,-6701.5713,-7280.0
-6203.998,-6408.6787,-6084.0
-2643.9702,-1216.8446,-737.0
573.031,-595.85425,-274.5
-4727.702,-5072.798,-9370.0
-1972.4946,-3178.9229,174.1
-6886.9365,-7311.831,-8000.0
1437.7559,291.3103,119.56
-6409.9844,-6460.9727,-8060.0
-5895.3755,-6031.6294,-6130.0
-3108.6367,-4881.625,-6064.0
-9031.494,-8112.202,-9030.0
-1602.649,-4239.896,-1231.0
-8260.693,-7209.3633,-8176.0
-238.68237,-698.24817,-1372.0
-7758.413,-8835.377,-9400.0
1401.1157,681.9314,719.5
2749.4075,1176.592,2007.0
-3057.022,-5195.849,-5100.0
1070.001,517.1079,1135.0
1517.2783,535.7842,506.8
390.5161,-186.03638,198.5
1842.8274,914.7781,798.5
-2258.1736,-3342.1672,-1953.0
1480.1221,370.92188,711.5
-5381.219,-6265.1953,-6164.0
-3646.851,-5807.539,-4884.0
-2762.5498,-4453.784,-4156.0
496.02026,156.23291,1009.0
-8570.8955,-8310.38,-8770.0
-5938.6396,-8363.614,-6580.0
-1345.6526,-2249.8867,-1456.0
597.60205,-155.86035,494.8
-4876.76,-5733.42,-5140.0
1070.0503,911.6221,965.0
-7911.4824,-9000.434,-9190.0
1460.3774,807.20264,-206.5
-223.07178,-1280.5344,-139.0
444.8457,51.54492,205.6
-6079.2393,-7004.325,-7230.0
2060.6272,2436.6106,2156.0
-6787.578,-6634.634,-8270.0
-5073.51,-5894.715,-6612.0
1446.7092,801.3884,955.0
-4991.9546,-6370.6963,-7148.0
-1880.2167,-367.51953,865.0
621.80444,276.28418,1501.0
730.39307,351.4265,-878.0
-1758.4666,-2204.2268,424.0
-5740.627,-6605.213,-5332.0
-1281.4019,-925.0292,-874.0
-4900.0967,-6428.2246,-6720.0
290.14746,-478.61316,-63.03
972.615,1126.1072,768.5
-3588.6108,-2152.8533,-1592.0
-5375.5244,-5652.3535,-5110.0
-398.3424,-1387.3506,1149.0
-9402.152,-9111.671,-9450.0
1341.2236,1502.435,731.5
-4037.6694,-5012.534,-4160.0
405.35986,32.38965,141.5
-6753.3037,-6803.2197,-7350.0
304.9192,-469.96143,-84.0
-5304.203,-6891.298,-4430.0
-5960.5273,-6693.967,-6844.0
513.7881,169.52222,716.0
862.8069,850.61743,453.0
-9670.628,-9901.368,-10320.0
-5176.8457,-6761.662,-5948.0
868.59155,793.2241,138.1
617.57935,-474.3086,370.5
1282.1047,309.09082,1119.0
-832.5386,-858.88196,-836.0
-9727.999,-9676.736,-9850.0
-6733.1963,-6014.9346,-5692.0
-478.9546,-183.24219,-443.0
-4178.4434,-5066.4097,-5052.0
437.19922,-513.3645,-309.0
1470.0371,1139.1648,1020.0
469.15698,58.721924,328.0
666.5303,34.80127,359.0
-723.8451,562.07837,-793.5
783.35596,122.87793,189.8
1003.1079,1229.3799,718.5
272.14014,-1050.7562,331.5
-6317.997,-6059.213,-6516.0
797.20483,214.10791,622.5
695.74146,21.199707,372.2
152.50415,304.18066,618.0
-5841.797,-7023.2725,-6332.0
-1481.959,-1269.3745,-916.0
-63.166992,48.016113,292.0
485.67822,-136.19043,256.8
1426.9028,1370.3535,891.5
808.7117,1268.3728,989.0
214.03955,846.4075,-244.9
-1185.3171,-2761.9,-5708.0
2198.2224,1423.2473,1375.0
2244.3762,1401.4929,1240.0
-615.6039,50.503418,486.8
533.34155,846.4199,407.2
-4327.548,-6823.6777,-6430.0
-471.11328,-1167.7668,147.2
759.344,157.55737,78.06
-2749.3777,-1147.4617,-401.8
653.71533,-196.15796,-781.5
-5433.474,-5446.133,-5956.0
916.3696,697.6301,555.5
998.18286,-37.736816,237.2
-5230.3906,-5850.506,-5404.0
1088.9922,-76.29175,463.8
422.8435,-180.93677,1.452
201.33765,2508.408,122.75
1046.9016,468.50537,-180.6
1719.5293,1672.1726,1687.0
465.13013,448.14453,507.5
-3362.0881,-3140.1177,-1375.0
-5797.662,-6508.925,-5896.0
-5317.2393,-5854.7017,-6516.0
1971.238,1507.7463,1293.0
-10060.311,-10278.077,-9550.0
-8638.32,-9006.465,-9180.0
-897.36523,-965.52356,-773.5
1899.8752,1051.7214,1777.0
1213.3145,751.2793,843.0
-514.6028,112.26611,-288.0
308.01978,-312.2937,-627.5
-279.526,220.49438,-114.4
790.3845,751.5896,994.0
-10138.524,-10828.754,-12300.0
-4249.9365,-5160.285,-6036.0
-4307.939,-5440.575,-6844.0
1486.782,1331.0271,1402.0
660.699,-24.343262,253.6
-6533.0176,-6850.381,-6628.0
645.53467,595.28906,226.0
1054.8289,157.96606,-181.9
1211.5852,523.8982,420.5
-5822.6255,-5633.694,-5308.0
2188.1204,1618.2844,1911.0
1741.2227,1211.1262,1769.0
-109.34668,358.2837,-425.2
1088.9744,742.43384,891.0
-158.20679,409.80005,-50.22
-6094.554,-5903.0557,-6256.0
1634.6667,907.52783,461.0
1247.4006,1616.5569,469.8
1356.1663,1231.8103,-234.0
-596.2484,-1113.776,-382.2
-8178.829,-7477.416,-7788.0
1202.8428,546.7224,839.0
-1172.7924,-923.3749,-404.5
473.8982,1320.0457,95.5
724.7539,738.17944,579.5
-7120.6514,-7901.99,-8390.0
820.24634,1427.6843,1142.0
235.34619,-139.90234,-138.0
698.7605,38.69409,802.5
2150.2468,1425.6982,1416.0
-4155.143,-3649.9814,-2796.0
2147.0935,1224.56,1457.0
-6674.751,-7384.1963,-7356.0
1494.5684,1027.6228,2178.0
1083.6372,443.34937,1319.0
1020.97754,214.34033,1006.5
-5113.5615,-6010.0127,-6504.0
-8188.382,-8414.502,-8456.0
-6080.838,-6756.9326,-8680.0
627.2344,112.85278,94.7
-2506.9434,-2175.4585,-4200.0
816.2742,512.1189,506.8
762.67773,120.538086,-74.1
120.62158,95.31445,-18.4
-1481.5396,-1039.0253,-590.0
684.23926,168.2854,273.8
-150.24854,-264.11145,-60.75
284.7505,204.84009,199.8
379.10596,94.95337,291.8
609.697,-115.706055,505.5
-5641.5605,-6268.368,-6850.0
-7566.1855,-6829.8574,-7336.0
-4889.6157,-6039.0674,-6492.0
-6911.7656,-6791.838,-8580.0
-5324.2207,-6784.426,-6030.0
676.54004,968.39844,1067.0
-10473.525,-10133.561,-10130.0
-962.9144,-681.114,-1399.0
1306.2959,876.6138,1039.0
680.7815,678.5354,288.0
-1637.7578,-2418.918,1292.0
-1782.7454,-3070.5024,-6092.0
-6196.462,-6879.3486,-6292.0
1964.6233,431.17285,1351.0
-50.531982,-152.69434,-296.0
-7526.0576,-8642.301,-8270.0
1898.7175,1465.6624,2028.0
-2035.0146,-1621.26,-1012.5
638.73047,404.2627,556.5
2111.723,1447.3491,751.5
-6401.87,-7458.212,-8084.0
1064.8298,547.80273,550.0
-5729.5146,-5083.211,-5812.0
-1740.5405,-481.73218,-586.0
648.1482,-195.8628,-82.0
-439.85278,-1021.28906,-1609.0
-3078.8638,-3447.6694,-996.5
-6102.304,-6401.0625,-6024.0
-6743.3438,-8573.332,-8376.0
-3865.3281,-4812.6104,-3474.0
1443.5613,847.8237,1058.0
-3638.642,-2177.0496,-1025.0
-5572.843,-7417.491,-6780.0
-6408.921,-6622.8135,-7456.0
403.8623,60.734375,36.4
-6969.956,-7283.4463,-8080.0
-1374.1309,-2004.3694,-2402.0
1158.8237,-0.98291016,300.8
-71.79199,-390.96887,-687.5
949.9387,456.05957,869.0
-4473.0425,-6329.093,-5704.0
1594.7708,1175.0518,742.0
-9613.7,-10186.273,-9820.0
1141.2749,1909.843,1270.0
-3920.0864,-3735.5737,-5476.0
-5930.868,-6839.879,-6384.0
-6717.965,-7362.243,-6828.0
-8116.0176,-8017.2617,-8320.0
1452.3921,401.30078,929.0
1058.396,1965.9797,938.0
-5477.0,-6840.8047,-5770.0
-8392.444,-9695.254,-9780.0
1291.2842,498.59814,1186.0
-879.8855,-726.4675,-5520.0
649.4844,-323.61206,372.8
1782.513,1793.24,917.0
-230.52588,-375.0155,-5336.0
102.14746,-429.10132,-609.5
-59.194824,256.7744,-70.75
-5406.547,-5605.454,-5636.0
1423.7542,477.7964,259.2
-7591.5986,-7641.293,-10380.0
987.1665,-11.33667,-80.75
-1386.5173,-3850.4795,-1649.0
847.88574,-246.35205,669.0
2058.7302,1483.6587,1180.0
-851.329,-1146.1799,-710.5
-4023.4512,-3629.5513,-191.2
-2593.066,-3553.7817,-5630.0
-1891.919,-2307.9634,-4170.0
1264.9792,806.94653,1441.0
-8796.936,-8768.006,-8900.0
-5115.884,-4749.917,-5320.0
-547.57056,-728.42444,-256.0
-862.3236,-935.0648,-872.5
1486.75,1377.5339,613.0
623.2217,984.5464,507.2
399.39893,-298.3275,-218.2
689.83496,509.24,722.0
1464.104,1182.833,1288.0
1336.698,897.2793,675.5
-3679.3462,-3616.6982,-530.5
-688.33777,-957.5088,-1097.0
-6699.5967,-5854.421,-7016.0
-6926.5176,-7137.9033,-8052.0
-49.86792,-26.22168,-175.9
1253.977,23.520508,240.9
-407.35876,266.24292,505.8
-7409.628,-7667.6387,-7870.0
-6842.333,-6679.245,-6570.0
-5633.182,-5125.705,-5256.0
-6010.787,-5857.6387,-5276.0
-7270.49,-8559.046,-8010.0
-6328.857,-6913.3076,-5908.0
1016.8572,184.52295,15.6
-4975.825,-6846.4463,-6892.0
160.14624,-945.8307,-112.3
-8342.809,-9883.515,-9380.0
-1265.7295,-1838.1785,-871.0
-7957.2314,-7353.579,-7564.0
667.1311,1417.294,12.46
1157.52,1362.2361,1105.0
448.59424,-214.3086,12.82
1015.8323,223.87476,1127.0
-6261.415,-7087.2266,-8310.0
-620.312,-999.54846,-739.5
602.9104,-452.13074,-638.0
795.2954,105.3999,230.5
1512.8384,604.10645,970.5
-4947.356,-3980.2222,-4960.0
-115.177,-789.81445,-137.1
-6053.705,-6258.9995,-6330.0
-7375.1904,-7130.3613,-9310.0
-6725.8057,-6595.7275,-6640.0
926.4553,694.8523,-20.39
-182.90625,219.99976,-228.0
-5466.6606,-5964.599,-5404.0
1039.1836,104.70752,790.0
1185.4028,-75.57568,144.8
-1743.9246,-4611.091,-6496.0
-6011.415,-4536.0923,-6604.0
-8393.085,-8898.057,-8710.0
-4665.9253,-4450.857,-4700.0
427.22974,454.66553,234.4
968.5342,832.2295,782.5
1255.0281,1560.9795,1655.0
-1172.7749,-538.1389,-408.8
-481.6172,153.41968,82.1
905.4353,848.8164,886.0
-1340.4124,-1446.2516,-312.2
1845.242,1268.2288,1076.0
1148.0752,678.68066,1183.0
-1959.5515,-3348.2466,129.6
694.49194,-228.13672,15.23
-4702.925,-6449.5996,-5424.0
-305.48145,20.819336,-1.711
-6436.049,-7429.168,-6404.0
-730.24255,-539.6926,-483.0
-267.78394,-404.03625,-796.5
-7795.004,-8976.604,-8984.0
-949.7499,-1518.7522,-985.5
1530.7632,505.89526,533.5
-1843.0256,-1883.9337,-4388.0
868.66406,663.3103,587.0
-9141.417,-9159.2295,-8630.0
1452.916,1447.2615,1505.0
2129.1125,1502.2146,1534.0
-682.7438,-308.56775,499.2
1146.1865,886.4275,697.0
-713.94165,-126.110596,696.0
605.00244,525.70215,372.5
-6909.208,-8209.258,-8820.0
-2489.962,-1399.5591,-1002.0
-6187.5063,-6518.259,-6810.0
502.8452,235.17236,319.5
-215.44507,-638.6775,-759.5
2296.1282,1035.9065,991.5
-8664.17,-9104.568,-9160.0
-2633.851,-3402.254,-4170.0
-7273.243,-7884.1777,-8600.0
-4575.2793,-5120.045,-5270.0
-2311.8455,-2554.7957,-33.22
-6305.5137,-6287.315,-6020.0
2048.9216,798.81323,788.5
938.71875,428.87207,910.5
1655.6448,1334.5366,1610.0
1383.2056,853.7678,2088.0
65.83301,443.64917,11.92
-4529.9624,-4991.6465,-2374.0
-1314.5531,-84.61255,-184.5
1633.2761,1469.1914,1248.0
350.51758,1022.7595,470.5
-4030.7393,-2050.4338,-1828.0
813.54834,715.2637,576.5
-6497.2754,-6876.9824,-6364.0
162.64575,1103.9441,360.0
-6807.157,-6402.6035,-8040.0
-295.39783,-165.05908,-606.5
1501.4001,1494.5806,400.5
1218.7229,804.5906,1705.0
-6414.0967,-6710.866,-6972.0
-533.0974,-365.6725,203.6
-220.47534,-178.76978,-66.8
703.1704,250.98462,-259.2
764.0354,701.8799,547.5
-928.83435,-812.92993,-865.5
-7139.1123,-8092.499,-7428.0
1684.7424,988.68677,1129.0
-2617.6235,-2603.183,983.0
-5595.8516,-6756.297,-6640.0
1798.6282,1471.1243,1134.0
465.82446,380.71924,-396.2
-5876.504,-6436.7383,-8264.0
-1073.9259,-1509.1266,-59.22
-165.63599,56.7146,-2176.0
-6305.0938,-6081.6353,-6700.0
-427.78442,-311.30762,-829.0
1055.9475,-99.46509,-202.4
-2694.297,-1447.4539,-349.8
-3960.5603,-5258.258,-5164.0
-4557.5312,-5503.2085,-5516.0
565.6013,618.5449,431.0
-6105.9033,-6074.8975,-5930.0
1485.1501,1049.9849,1399.0
1205.4712,1236.2893,299.0
473.75952,92.33496,641.0
-8701.203,-10053.197,-9560.0
-572.1354,-625.39075,-525.5
-5906.574,-6322.452,-6240.0
1039.2251,956.333,766.0
-1102.2947,-1869.9211,-2136.0
-6825.878,-7944.171,-7988.0
-926.9614,-1091.1218,-121.8
831.03906,1421.758,1147.0
-11560.565,-11521.762,-11384.0
-3766.2969,-4427.208,-4510.0
746.2998,543.6621,851.0
881.7527,171.5105,473.0
-5435.6533,-5380.978,-7724.0
-4067.6724,-6143.8237,-5148.0
-1582.8528,-4126.329,-1109.0
451.8955,466.2268,459.2
-1806.113,-1298.81,-1112.0
-672.1902,-315.89258,-424.5
-749.31104,12.567383,-435.5
-5826.15,-5950.2285,-5524.0
601.9927,520.1177,179.9
-7213.5303,-7202.172,-7120.0
644.67236,419.1604,1048.0
319.8208,-242.61902,-209.2
535.2219,-1833.6409,-5800.0
1590.1167,1616.9893,1492.0
-2610.458,-3127.062,-4892.0
-66.67578,433.69092,384.2
-13839.263,-12966.531,-13570.0
-2843.9087,-3366.3994,-4704.0
-5027.0566,-4107.9004,-4908.0
-7253.5537,-8123.635,-7620.0
811.1721,779.93604,729.0
-4026.3652,-3685.9895,-565.0
-9041.188,-7893.87,-9040.0
1304.51,607.3003,767.5
-4272.0273,-4559.938,-4308.0
-921.64746,-537.32886,-659.5
19.23413,-161.50659,-918.5
-5316.287,-5701.634,-5816.0
797.81177,1402.9434,810.0
679.01733,383.0193,932.0
-6898.087,-7333.665,-7420.0
-5958.135,-6590.3877,-6212.0
-194.37158,-144.86401,-149.2
987.0803,236.80786,130.8
-6329.5376,-4996.92,-7388.0
399.41797,-273.87915,416.2
1209.1152,1154.3684,902.5
557.4458,1056.9653,624.0
1485.9539,1263.1396,963.0
597.1008,1164.0537,345.5
-5749.589,-5624.8184,-5940.0
-3889.9421,-5625.216,-5110.0
1202.2188,815.15234,926.5
-602.09924,200.40186,68.94
606.72974,669.0864,452.5
355.87402,521.79175,619.0
2428.9128,1798.4197,1691.0
-5919.205,-6691.463,-6220.0
-5702.043,-6530.9893,-5796.0
-6893.385,-7247.5957,-7264.0
-285.6466,-385.19336,-152.2
-5262.0586,-6344.66,-5776.0
-6889.3037,-6131.4746,-6840.0
892.428,807.60547,311.2
528.06177,-543.3192,-461.5
-351.00928,242.41992,134.0
-773.3209,-377.05725,-31.84
1735.644,1662.407,808.0
-335.36755,867.38745,1517.0
1483.2664,202.60815,814.5
1684.7334,724.1941,589.0
1157.3245,557.6228,1015.0
1024.4722,1756.8584,1049.0
-2832.755,-2702.8997,-2326.0
-5022.2695,-5968.2725,-6076.0
-7010.631,-7682.252,-7696.0
-9312.995,-8411.905,-8670.0
328.79102,960.4131,117.7
631.6384,248.14014,742.5
1419.2192,809.3811,904.0
572.87744,81.417725,266.8
637.1887,906.0596,251.9
55.979004,-855.401,-169.2
506.14673,-495.8783,-329.0
-2252.6675,-2445.9421,303.8
671.6221,805.542,755.5
-48.39868,88.64209,158.8
874.9153,197.27466,339.2
-7865.966,-7909.6553,-7656.0
-6503.297,-7044.551,-7188.0
1572.6296,946.677,383.2
544.8867,151.50171,-191.1
113.77515,539.1416,-70.2
-4767.5664,-6668.6025,-6588.0
-10209.357,-9361.596,-9430.0
186.85864,708.25244,242.4
-3014.8848,-4584.6646,-7570.0
1162.1636,1083.3157,438.8
-4387.584,-6514.409,-5680.0
243.14795,-209.03857,-1597.0
476.24463,458.2229,13.37
-4576.1523,-5635.1855,-5270.0
408.55615,750.4375,421.5
-7925.7637,-8212.357,-7796.0
352.55762,300.365,26.27
-8194.8545,-8722.379,-8930.0
-5134.914,-5926.588,-6436.0
-1080.3623,-766.964,-956.0
-8839.641,-9063.102,-9050.0
1573.636,932.20996,1218.0
356.37427,-193.43188,-1521.0
1666.8677,723.99854,1526.0
-8786.098,-8361.589,-8940.0
823.4392,187.84229,-286.0
-6279.917,-7056.746,-6908.0
-6051.6357,-7211.9346,-6816.0
-184.66992,-384.77368,-303.2
-61.646973,-226.16089,-645.5
-7243.749,-7927.2373,-7190.0
-7749.5273,-8080.8174,-7484.0
-636.66003,-231.82153,-2204.0
1550.7336,1231.0698,1128.0
1935.1057,811.85645,1175.0
-1322.3353,-1118.8096,-862.5
1549.0168,2137.0442,1672.0
1881.6897,808.29565,1024.0
-4817.025,-5668.1455,-5556.0
815.40234,13.990967,666.0
-10104.985,-9906.206,-9700.0
-7694.3184,-7952.4746,-8164.0
-7149.3994,-7100.416,-8050.0
-1054.1929,-20.113281,-893.0
189.41382,-58.77588,-174.9
1992.7517,1563.928,1184.0
79.36279,-233.14648,-399.0
920.97363,23.52417,257.0
939.834,251.72559,343.0
1472.8225,453.32397,945.5
-2605.83,-3355.5269,-5836.0
1037.8984,579.7439,875.0
1438.5242,265.02783,872.0
1450.4578,503.39062,1332.0
-206.69165,-182.47388,238.0
1601.5093,699.12476,1018.5
-6592.58,-7390.55,-7720.0
1667.5427,1073.0903,1104.0
102.53369,237.77441,-428.8
1023.1284,-250.0597,-184.8
-588.3485,-283.04834,79.7
-8958.652,-9034.805,-9976.0
-4925.458,-5609.1475,-5444.0
1510.7927,1111.9729,1109.0
-1067.343,-1932.9578,-3970.0
795.344,788.29834,897.0
-6505.4893,-7440.5264,-6820.0
1036.5483,-31.878174,266.5
-3663.144,-5069.2134,-4230.0
-1879.8506,-1366.8386,117.6
-3972.6711,-4940.896,-4930.0
-462.40576,359.4983,1083.0
1030.2048,406.7312,560.0
-5445.953,-5881.1646,-5570.0
370.06445,105.26074,715.5
-2792.1157,-2831.4553,-104.56
708.12915,599.4502,-132.9
-266.5354,-240.0061,36.53
137.07812,-85.367676,14.56
-1162.8973,-1412.6533,-2836.0
-598.8081,199.76318,59.7
-5239.5205,-5286.909,-4856.0
1730.1079,1421.0271,599.5
626.78125,-362.7788,577.5
-271.54053,-649.42444,-368.2
-308.59912,-120.44263,454.8
-981.43225,-484.8424,-389.2
-6159.1187,-6655.326,-6664.0
866.1472,268.93774,220.6
-8438.187,-7672.164,-7748.0
-201.73682,-259.36206,-377.5
-5662.3916,-6750.419,-5508.0
1077.9219,1707.6648,861.5
2032.2229,1374.6584,1609.0
537.65137,956.62573,469.5
1864.8342,730.86523,1069.0
-4750.7017,-3140.3354,-4876.0
-6326.287,-6834.917,-6770.0
1303.9731,1159.8059,543.0
310.9768,240.82983,-139.0
-1106.7773,317.4104,57.66
916.27637,173.02222,482.0
-203.19507,853.84033,-340.2
-4742.871,-4889.633,-8370.0
-6708.457,-7104.282,-7308.0
300.94458,1048.2903,-207.2
-4436.8135,-4412.883,-5296.0
1017.3081,-322.6018,654.5
1788.0667,1693.8989,1227.0
-106.07617,-488.93494,-348.0
-5949.5205,-6859.4834,-6596.0
1696.1082,2130.8333,1265.0
646.3391,446.16333,51.9
1504.3184,183.854,406.2
-185.2854,-452.29175,-571.5
-6259.5273,-6599.3984,-6190.0
-6647.8105,-8025.2246,-7090.0
328.18042,-772.2622,75.4
-895.98474,104.70654,-222.1
871.2068,301.09204,573.5
812.4917,1414.835,962.5
38.08667,-261.25537,99.25
-10967.824,-11069.048,-11176.0
-563.0587,-603.60596,-152.8
434.60986,389.35938,445.2
1980.2512,1266.5483,1528.0
-4328.5713,-5449.869,-5836.0
-6318.169,-9027.354,-8910.0
1233.3557,1001.01904,1094.0
-6907.9746,-6966.871,-7316.0
-511.90747,-572.79834,179.0
1185.5164,874.864,935.5
1294.8145,693.8484,805.0
757.0674,118.15698,178.8
-601.0626,101.0874,-246.9
-425.6615,-527.65027,99.3
-5228.1143,-7200.99,-7120.0
-980.66406,-894.4752,-334.2
435.28857,160.69238,477.8
451.6953,-8.236816,595.0
1004.7175,835.0818,499.2
-43.081543,-19.863037,11.78
-754.7173,-1115.9017,-953.0
1090.6802,-22.499756,788.0
372.43652,154.12012,359.8
-7549.497,-8170.591,-7916.0
-579.4065,325.25415,91.25
581.49316,273.23364,216.4
251.30347,187.79736,-229.4
-6408.87,-6335.3174,-6536.0
-3390.585,-1931.953,-953.0
1258.446,926.0232,824.0
-6272.2607,-6857.0654,-5884.0
4.6054688,1333.4602,257.2
1228.9053,628.50635,321.5
-3052.129,-2915.0156,-515.0
549.344,819.3235,1354.0
-6797.0293,-8257.662,-8200.0
1768.9756,1454.1606,1239.0
-4289.2456,-5245.3857,-5348.0
1123.6062,1149.5896,763.5
2157.8225,1023.6504,1127.0
-3086.3792,-4327.429,-4460.0
219.74707,815.87964,-250.0
1424.2263,1685.7493,827.0
-4572.425,-6260.706,-4996.0
-1109.1733,-817.29456,-449.8
-6708.367,-8741.127,-9080.0
-932.3508,-669.6969,-616.5
291.32837,19.631592,-220.6
1576.3945,1369.5591,762.5
850.709,598.95215,642.0
-1609.6738,-342.48413,735.5
-6521.37,-6756.8594,-6544.0
832.09106,451.76904,266.8
-5129.278,-5541.143,-5580.0
1335.208,1428.5083,980.0
-5230.9697,-5799.369,-5204.0
-2885.2102,-3220.7568,-1829.0
-3367.3386,-3073.1155,-1205.0
680.4856,505.8794,295.8
1668.0977,703.0674,927.5
-5116.865,-5309.1543,-5250.0
1029.2651,351.7356,706.0
-6962.581,-7635.2812,-7360.0
-5754.1943,-5769.4106,-5590.0
-7684.6787,-7981.493,-8200.0
-6126.002,-6623.6367,-6764.0
826.08984,644.62085,132.1
573.7676,-201.27002,-10.305
-5461.1055,-5607.5947,-5536.0
-6962.867,-7107.0527,-7060.0
-5795.463,-5473.382,-5584.0
222.83936,1103.1655,282.8
985.06885,502.91528,362.0
1345.2651,959.49805,595.0
1948.7688,1807.5828,1822.0
-6602.9014,-6663.0596,-6740.0
-1452.4915,-2440.7314,329.0
-6323.258,-5548.0684,-6340.0
1830.824,737.04175,1158.0
-5061.1406,-6190.6553,-7616.0
-636.69543,-590.0773,-276.2
472.11133,671.9844,967.5
-4582.2695,-4498.5645,-8410.0
-5925.1753,-6108.1445,-6260.0
-4226.2334,-4554.571,-8940.0
1181.8479,1835.2029,1272.0
1322.3235,1148.1836,1109.0
973.3867,85.05322,945.0
-219.61841,20.431885,113.94
-4944.949,-5373.2812,-5156.0
-5934.34,-7299.245,-7024.0
555.7019,813.95557,694.0
938.9946,-528.1194,674.5
-1363.4086,-1567.2976,-670.5
1398.9502,1275.5039,1012.0
1085.1155,113.59082,-692.0
-3170.7021,-4623.792,-3284.0
-4748.1465,-5740.0967,-6160.0
1039.2422,747.4475,557.5
936.97,-243.177,502.2
393.82764,-818.60046,245.9
1123.7756,364.83667,351.8
1383.9463,1074.5554,683.5
-1535.6829,-415.08875,150.6
1875.4543,1461.6411,1362.0
943.8718,1710.1997,662.5
1186.0852,-234.16968,-303.2
116.51807,53.18579,-73.7
-4638.9805,-4543.0977,-6660.0
1291.3352,676.53687,964.0
1077.7605,1349.365,570.5
227.09497,-524.709,-77.0
-568.11365,-647.74817,-38.16
-6894.4424,-7405.0674,-7508.0
516.6907,-48.6687,534.5
-7282.132,-7621.8594,-7564.0
-225.83472,-487.5924,-475.8
-2.7958984,433.36157,-144.2
-6107.1177,-5152.0176,-3862.0
-4733.0977,-5986.1953,-6280.0
1056.6431,553.9563,717.0
-8525.02,-9775.378,-9710.0
-4882.5024,-6088.486,-5156.0
359.18384,693.1194,675.5
-9078.562,-9910.982,-9760.0
596.7053,347.6919,277.8
-2884.4534,-3400.0579,-8184.0
-8069.6494,-8484.895,-9096.0
-3918.4883,-3897.5137,-5960.0
-6044.9688,-5592.498,-5644.0
703.3872,-213.39111,51.8
-5441.9053,-5990.6143,-5716.0
-4446.8394,-6738.1484,-6228.0
-519.0508,-1048.9065,-1804.0
-66.35474,-904.6051,180.5
-7600.248,-8641.355,-8856.0
-5051.862,-6003.198,-5464.0
-6375.119,-6585.5225,-7624.0
-5982.314,-5450.267,-6468.0
1061.5322,-114.98389,914.5
1577.3518,1011.845,628.0
-8500.032,-9514.877,-8936.0
1785.6992,1339.4143,1263.0
998.9204,676.12085,917.0
-8630.716,-9213.937,-9864.0
-697.52234,-534.2229,-732.5
915.81714,730.4551,702.5
-6597.7812,-6705.2627,-6616.0
610.5852,402.60645,616.0
-6046.8677,-6407.8984,-7356.0
-6167.421,-8223.19,-7664.0
-7187.8115,-7341.9434,-8450.0
-281.18506,-707.2612,-1050.0
-1887.6323,-1937.7797,-1683.0
999.4641,221.65747,528.0
-7040.829,-7363.2275,-7256.0
-3193.1658,-3811.711,-6760.0
2424.654,875.8828,1478.0
-7095.3643,-6776.5586,-6356.0
1130.7053,735.49854,1073.0
745.7915,686.0283,828.0
970.88184,722.13135,912.0
501.41406,506.80835,296.2
-7186.7354,-8859.598,-8148.0
-1585.7913,-3327.2612,-6140.0
1298.4006,9.784668,1025.0
-1279.916,-917.54504,-931.0
-10.405273,-12.2438965,73.9
569.8479,787.4646,1008.5
1579.8108,1071.9031,807.0
-8336.69,-8394.0205,-7984.0
-5887.543,-6848.338,-5940.0
-4892.2207,-6937.0645,-7224.0
-6473.3486,-6428.1523,-6360.0
1839.3337,802.511,789.5
-4514.535,-5391.9595,-5010.0
-1103.4167,-339.62427,-103.7
-8947.994,-8759.032,-8344.0
903.21094,700.20483,427.5
-2548.8538,-3418.644,336.8
-9454.082,-9068.766,-8930.0
-2903.3196,-3246.2446,-4804.0
1887.6052,721.71704,1475.0
-1445.1816,-685.93164,-1197.0
-6622.548,-6234.2666,-5570.0
-10821.76,-11071.338,-11096.0
65.823975,-259.391,-102.2
-620.51294,-1236.997,-222.4
-352.30054,-40.4917,347.0
1040.9253,1065.1274,544.0
243.04395,478.93774,116.1
-5888.6553,-6097.4756,-6350.0
-2985.5818,-3529.7559,-2045.0
-8132.5244,-8699.002,-9180.0
2011.259,1202.5288,1183.0
1492.262,1733.7051,1672.0
2126.307,1857.2434,1451.0
-6635.908,-6802.9463,-7120.0
-1982.3086,-2293.3162,-766.5
588.4768,785.32104,959.0
-1191.2249,-250.27051,-494.2
-239.97278,-588.40796,536.0
-6189.8906,-5823.967,-8660.0
1056.1589,1147.1375,1295.0
-475.588,74.66748,-98.3
1271.2068,663.0498,646.0
1033.4712,262.6123,725.5
1719.1294,1304.1096,1168.0
365.3396,766.5847,536.5
493.66406,297.86914,589.5
536.0293,-366.87268,718.5
148.51074,744.92334,246.4
-7122.1055,-8076.161,-7844.0
-302.77124,-414.49194,736.5
832.30786,29.066162,415.8
-8107.593,-8428.39,-8616.0
-4011.921,-4742.309,-5220.0
-4358.583,-4740.3105,-5096.0
-7801.541,-7547.5576,-9570.0
1023.6843,877.07056,57.16
743.2019,225.35791,531.0
-6207.241,-6742.12,-6104.0
1277.8909,308.6797,327.2
2035.9583,1143.6182,1516.0
-1135.1206,-2.2368164,-543.0
2122.9792,1847.3308,2010.0
-4104.114,-4790.205,-5092.0
-3374.3809,-3640.4517,-168.6
836.79565,541.4436,-83.25
1478.6038,720.0852,1394.0
1227.5562,1069.877,906.5
1867.2449,1819.3752,934.0
1136.605,505.65747,597.0
575.24927,-134.57349,490.5
-1029.3423,-2796.6128,-5508.0
-5793.052,-5836.8047,-6776.0
507.29077,299.94214,169.1
890.5703,190.35083,119.1
656.2383,714.1338,346.0
750.4133,1109.3157,728.0
1040.7786,1357.2161,1002.0
-151.44775,2044.4778,-107.8
609.4934,847.9253,786.5
1528.9099,576.375,659.5
-5218.147,-6592.545,-6524.0
1891.22,1630.8474,1348.0
-6209.913,-6758.8555,-6016.0
1227.9199,597.6316,358.0
672.6426,-345.10486,357.5
-8546.175,-8914.248,-8230.0
1262.2585,407.4541,567.5
779.9724,-20.50708,503.8
-8293.188,-8837.977,-8500.0
-1232.7267,-2291.3855,-1297.0
-0.6538086,-391.94983,-896.5
-1263.4138,-503.96558,-802.0
-62.828613,356.02075,-87.94
-1591.2969,-2094.772,-826.5
-511.40515,-1039.8804,-1107.0
-6110.624,-6846.506,-7132.0
424.49902,-148.27881,-106.7
551.1731,455.94214,665.0
-6530.0137,-5834.626,-5930.0
-7189.3594,-7879.4004,-7864.0
1435.5752,1217.9148,1680.0
644.3884,688.82446,891.0
-7086.705,-6958.1963,-7204.0
1668.3186,857.9375,907.0
491.98267,234.93848,-498.2
-705.5724,-359.00476,-996.0
-6585.4473,-6731.9844,-6964.0
1889.533,717.0984,1129.0
1086.5015,1595.5173,1024.0
-482.77356,575.22095,-45.84
-4065.7568,-5023.7188,-6250.0
522.0259,332.6714,679.5
1060.5574,-117.43408,1115.0
-56.15918,724.48193,-5.977
-5061.9287,-5034.042,-6136.0
886.71826,760.0647,461.5
-3290.6802,-1400.3784,964.0
691.68604,224.17969,-871.5
-4541.616,-5858.1577,-5756.0
-4312.313,-5373.3066,-5172.0
127.34277,791.0259,576.5
-914.5039,-1500.7356,-971.0
-2115.566,-3233.2524,-232.0
-1683.9529,-2734.564,-4520.0
206.83545,618.11035,1010.0
1609.6443,1478.0078,860.5
-6647.8594,-7931.9385,-8210.0
-116.01611,-832.57434,-443.8
-268.51416,-51.742676,-443.8
689.0034,72.63013,471.5
-6945.201,-6622.4873,-6404.0
2177.9368,1208.406,1023.0
-5806.833,-4107.932,-3654.0
